timestamp,src_ip,dst_ip,src_port,dst_port,flags,payload_size,land,urg_pointer,seq,ack,label
2025-04-16T14:41:23.145125,192.168.168.17,192.168.204.171,44834,23,A,115,0,0,6982,2355,normal
2025-04-16T14:41:27.099395,192.168.140.164,192.168.118.229,41686,25,S,44,0,0,1522,2455,normal
2025-04-16T14:41:30.193738,192.168.7.218,192.168.7.218,36520,53,S,864,1,90,668,8044,anomalous
2025-04-16T14:41:34.092099,192.168.28.158,192.168.28.158,36143,80,S,1185,1,73,8381,7522,anomalous
2025-04-16T14:42:20.642466,192.168.194.97,192.168.194.97,19367,23,R,1440,1,26,8503,1977,anomalous
2025-04-16T14:42:24.246820,192.168.151.213,192.168.151.213,60050,21,R,1116,1,0,2344,1558,anomalous
2025-04-16T14:42:27.451850,192.168.214.173,192.168.214.173,11329,80,R,1301,1,0,2483,6998,anomalous
2025-04-16T14:42:30.216332,192.168.36.210,192.168.36.210,15690,22,R,1319,1,56,351,6884,anomalous
2025-04-16T14:42:33.048750,192.168.210.153,192.168.201.114,10056,8080,F,200,0,0,2951,6162,normal
2025-04-16T14:42:36.556169,192.168.49.229,192.168.49.229,39019,25,S,1458,1,43,3197,6364,anomalous
2025-04-16T14:42:39.909653,192.168.67.181,192.168.67.181,18275,80,S,969,1,72,2196,9533,anomalous
2025-04-16T14:42:43.439361,192.168.78.106,192.168.78.106,6790,8080,F,1440,1,0,8627,6459,anomalous
2025-04-16T14:42:47.166455,192.168.68.45,192.168.68.45,10131,22,R,815,1,64,1293,6942,anomalous
2025-04-16T14:42:50.395653,192.168.128.206,192.168.128.206,55965,20,F,1217,1,0,9732,2305,anomalous
2025-04-16T14:42:54.082640,192.168.93.84,192.168.93.84,54161,25,F,1237,1,0,8607,6395,anomalous
2025-04-16T14:42:56.912533,192.168.85.148,192.168.85.148,37272,22,S,507,1,5,6568,4889,anomalous
2025-04-16T14:43:00.139775,192.168.26.67,192.168.30.254,16406,21,S,80,0,0,4307,4764,normal
2025-04-16T14:43:03.941635,192.168.92.12,192.168.254.118,44659,8080,P,90,0,0,1290,6022,normal
2025-04-16T14:43:07.105415,192.168.198.9,192.168.217.46,31409,80,S,194,0,0,5681,3758,normal
2025-04-16T14:43:09.734992,192.168.113.163,192.168.106.29,46168,21,R,50,0,0,1382,8912,normal
2025-04-16T14:43:13.018682,192.168.145.27,192.168.145.27,30581,443,R,1413,1,0,8137,3326,anomalous
2025-04-16T14:43:16.629648,192.168.243.83,192.168.243.79,10736,20,S,61,0,0,8462,5898,normal
2025-04-16T14:43:20.205811,192.168.108.149,192.168.152.102,12669,443,PA,118,0,0,4285,4556,normal
2025-04-16T14:43:23.734728,192.168.157.84,192.168.157.84,36175,23,F,1326,1,8,2250,6381,anomalous
2025-04-16T14:43:26.577744,192.168.13.72,192.168.13.72,45545,23,S,1197,1,60,3904,5336,anomalous
2025-04-16T14:43:30.153427,192.168.82.90,192.168.173.85,31690,21,R,39,0,0,4952,6980,normal
2025-04-16T14:43:33.110085,192.168.125.125,192.168.58.237,58558,21,A,190,0,0,4112,2692,normal
2025-04-16T14:43:36.934954,192.168.98.47,192.168.239.118,49793,53,P,156,0,0,7677,6674,normal
2025-04-16T14:43:40.342499,192.168.129.238,192.168.129.238,51317,53,F,1355,1,0,6785,6838,anomalous
2025-04-16T14:43:44.153652,192.168.185.47,192.168.21.211,43215,25,SA,48,0,0,8068,7562,normal
2025-04-16T14:43:47.926455,192.168.222.24,192.168.152.127,52833,443,R,113,0,0,8886,5251,normal
2025-04-16T14:43:50.598899,192.168.124.235,192.168.217.203,3305,53,R,37,0,0,3110,7492,normal
2025-04-16T14:43:53.584721,192.168.233.75,192.168.233.75,45568,25,F,516,1,0,257,7068,anomalous
2025-04-16T14:43:57.425318,192.168.68.228,192.168.219.13,64532,20,SA,34,0,0,1339,4993,normal
2025-04-16T14:44:01.044423,192.168.215.254,192.168.205.234,34145,53,P,24,0,0,2932,1292,normal
2025-04-16T14:44:04.663766,192.168.34.209,192.168.34.209,14545,53,F,1128,1,0,5128,4851,anomalous
2025-04-16T14:44:07.218284,192.168.246.68,192.168.107.82,14577,443,P,178,0,0,7789,4251,normal
2025-04-16T14:44:10.875754,192.168.2.39,192.168.2.39,42924,23,S,954,1,0,2414,2490,anomalous
2025-04-16T14:44:13.552658,192.168.60.154,192.168.76.216,2374,53,A,146,0,0,7639,6239,normal
2025-04-16T14:44:17.405628,192.168.50.136,192.168.50.136,22444,53,S,1071,1,0,9362,9393,anomalous
2025-04-16T14:44:21.146992,192.168.150.145,192.168.66.132,57951,20,P,93,0,0,4279,6852,normal
2025-04-16T14:44:24.488758,192.168.202.87,192.168.202.87,27246,8080,S,562,1,33,5675,900,anomalous
2025-04-16T14:44:27.394047,192.168.49.247,192.168.108.198,22419,443,FA,41,0,0,3859,4283,normal
2025-04-16T14:44:30.868571,192.168.142.240,192.168.142.240,19732,25,S,897,1,0,252,7877,anomalous
2025-04-16T14:44:33.652526,192.168.62.217,192.168.111.32,6379,8080,S,131,0,0,8181,4172,normal
2025-04-16T14:44:36.955842,192.168.173.151,192.168.173.151,16348,8080,S,718,1,14,8613,1163,anomalous
2025-04-16T14:44:39.829854,192.168.231.89,192.168.17.38,44468,443,SA,64,0,0,6067,3774,normal
2025-04-16T14:44:43.361183,192.168.159.98,192.168.50.178,46429,443,A,174,0,0,4898,827,normal
2025-04-16T14:44:47.261216,192.168.187.97,192.168.187.97,48814,20,S,620,1,92,2829,4382,anomalous
2025-04-16T14:44:50.133227,192.168.248.33,192.168.248.33,6047,20,F,1473,1,0,8519,8189,anomalous
2025-04-16T14:44:53.888973,192.168.139.220,192.168.139.220,5876,21,R,681,1,0,2854,2870,anomalous
2025-04-16T14:44:57.384003,192.168.28.141,192.168.208.173,23506,8080,P,182,0,0,2472,3741,normal
2025-04-16T14:45:00.729916,192.168.20.45,192.168.20.45,46530,8080,R,719,1,0,5278,8319,anomalous
2025-04-16T14:45:04.521755,192.168.57.60,192.168.108.110,59989,80,SA,87,0,0,4588,7249,normal
2025-04-16T14:45:07.174808,192.168.94.172,192.168.94.172,35452,20,R,934,1,73,5123,3020,anomalous
2025-04-16T14:45:10.098545,192.168.95.105,192.168.250.115,2854,8080,R,186,0,0,1786,7215,normal
2025-04-16T14:45:13.550914,192.168.8.168,192.168.175.212,34584,25,A,58,0,0,3693,5726,normal
2025-04-16T14:46:28.573108,192.168.251.49,192.168.191.226,1568,22,SA,177,0,0,4511,9349,normal
2025-04-16T14:46:31.184628,192.168.88.83,192.168.87.83,54025,25,FA,138,0,0,9564,3854,normal
2025-04-16T14:46:34.513565,192.168.130.29,192.168.179.252,25348,53,A,55,0,0,1849,1643,normal
2025-04-16T14:46:38.319655,192.168.135.206,192.168.135.206,36487,25,F,1308,1,0,7892,2174,anomalous
2025-04-16T14:46:41.912021,192.168.43.92,192.168.128.73,5124,20,FA,78,0,0,5566,4135,normal
2025-04-16T14:46:46.237536,192.168.204.19,192.168.204.19,29552,8080,F,920,1,0,7592,7373,anomalous
2025-04-16T14:46:49.004502,192.168.177.116,192.168.231.12,30139,22,S,65,0,0,6785,9702,normal
2025-04-16T14:46:52.032471,192.168.197.187,192.168.151.231,58694,80,FA,89,0,0,2175,2868,normal
2025-04-16T14:46:54.881693,192.168.124.218,192.168.124.218,14481,21,S,632,1,72,862,1100,anomalous
2025-04-16T14:46:57.674404,192.168.61.225,192.168.246.130,29049,23,FA,95,0,0,1107,8757,normal
2025-04-16T14:47:01.314518,192.168.132.87,192.168.242.114,29554,23,S,67,0,0,3317,6459,normal
2025-04-16T14:47:05.297410,192.168.28.1,192.168.142.69,31929,80,SA,80,0,0,5215,6958,normal
2025-04-16T14:47:08.695870,192.168.237.117,192.168.237.117,25933,53,S,628,1,0,9356,4617,anomalous
2025-04-16T14:47:11.853031,192.168.13.77,192.168.13.77,48557,23,S,1221,1,48,2957,8110,anomalous
2025-04-16T14:47:14.552895,192.168.182.154,192.168.168.52,42633,23,P,47,0,0,5015,333,normal
2025-04-16T14:47:18.507611,192.168.135.97,192.168.70.107,45096,25,A,90,0,0,75,8790,normal
2025-04-16T14:47:22.268888,192.168.46.39,192.168.133.242,10433,53,F,116,0,0,1865,1873,normal
2025-04-16T14:47:25.034094,192.168.13.222,192.168.145.75,12723,25,F,139,0,0,9255,2549,normal
2025-04-16T14:47:28.028463,192.168.23.184,192.168.23.184,43978,53,R,703,1,0,8519,499,anomalous
2025-04-16T14:47:31.922202,192.168.87.116,192.168.59.5,57156,53,R,144,0,0,5237,6364,normal
2025-04-16T14:47:34.477678,192.168.14.156,192.168.14.156,55811,443,F,1362,1,0,328,3491,anomalous
2025-04-16T14:47:37.519752,192.168.36.36,192.168.6.74,36608,8080,P,61,0,0,2580,2198,normal
2025-04-16T14:47:40.409903,192.168.178.92,192.168.178.92,61941,23,R,873,1,0,7886,2661,anomalous
2025-04-16T14:47:43.734690,192.168.248.42,192.168.251.25,58912,53,S,45,0,0,2497,4518,normal
2025-04-16T14:47:47.092041,192.168.218.158,192.168.218.158,61624,8080,R,1361,1,0,3175,6243,anomalous
2025-04-16T14:47:50.984518,192.168.78.224,192.168.214.216,48508,443,P,198,0,0,7928,1551,normal
2025-04-16T14:47:53.660973,192.168.151.131,192.168.151.131,63188,8080,F,1034,1,0,22,82,anomalous
2025-04-16T14:47:57.465599,192.168.22.68,192.168.127.196,53704,80,R,23,0,0,9289,3404,normal
2025-04-16T14:48:00.583069,192.168.186.69,192.168.186.69,41854,21,F,1213,1,0,4974,9793,anomalous
2025-04-16T14:48:03.271657,192.168.125.176,192.168.167.131,31894,80,P,172,0,0,3452,934,normal
2025-04-16T14:48:05.935388,192.168.26.34,192.168.26.34,36850,21,F,1004,1,0,7569,6723,anomalous
2025-04-16T14:48:09.927234,192.168.137.80,192.168.164.62,27259,20,A,122,0,0,6456,10000,normal
2025-04-16T14:48:13.029037,192.168.12.105,192.168.228.183,1750,25,A,131,0,0,3355,9460,normal
2025-04-16T14:48:16.749232,192.168.172.206,192.168.228.10,2785,22,SA,197,0,0,4430,5664,normal
2025-04-16T14:48:20.402858,192.168.246.240,192.168.246.240,15092,443,S,1014,1,0,5742,5357,anomalous
2025-04-16T14:48:23.324602,192.168.198.73,192.168.103.190,26833,23,P,161,0,0,8534,3790,normal
2025-04-16T14:48:25.964701,192.168.58.140,192.168.24.213,57027,25,F,74,0,0,7537,8010,normal
2025-04-16T14:48:29.598427,192.168.223.89,192.168.230.215,59579,25,FA,97,0,0,8790,2913,normal
2025-04-16T14:48:32.548984,192.168.76.146,192.168.76.146,48873,53,F,1073,1,98,3724,2444,anomalous
2025-04-16T14:48:35.701020,192.168.66.6,192.168.66.6,57636,22,F,809,1,0,8638,1525,anomalous
2025-04-16T14:48:38.242072,192.168.38.220,192.168.157.86,3294,22,PA,78,0,0,6642,5932,normal
2025-04-16T14:48:41.064698,192.168.74.13,192.168.110.40,36435,22,SA,192,0,0,3217,4369,normal
2025-04-16T14:48:44.895100,192.168.2.53,192.168.255.56,23639,20,FA,47,0,0,1438,4498,normal
2025-04-16T14:48:48.392407,192.168.59.118,192.168.59.118,15812,53,F,1135,1,0,8416,5723,anomalous
2025-04-16T14:48:51.921395,192.168.255.214,192.168.24.176,11398,8080,R,107,0,0,8481,5513,normal
2025-04-16T14:48:55.888105,192.168.7.19,192.168.7.19,12102,443,F,1355,1,12,2755,4192,anomalous
2025-04-16T14:48:58.734845,192.168.53.194,192.168.53.194,2027,21,S,719,1,11,1807,3082,anomalous
2025-04-16T14:49:01.857548,192.168.54.36,192.168.54.36,38215,80,R,1071,1,0,8974,9331,anomalous
2025-04-16T14:49:04.583946,192.168.2.3,192.168.113.162,27648,21,P,140,0,0,921,9240,normal
2025-04-16T14:49:07.302112,192.168.82.159,192.168.87.133,11158,25,PA,99,0,0,8692,3332,normal
2025-04-16T14:49:10.157954,192.168.147.247,192.168.147.247,60777,25,R,1315,1,0,8659,6722,anomalous
2025-04-16T14:50:57.221691,192.168.115.74,192.168.115.74,7537,23,R,1030,1,0,3948,9475,anomalous
2025-04-16T14:51:01.142026,192.168.10.32,192.168.227.178,15545,20,FA,148,0,0,8136,1863,normal
2025-04-16T14:51:04.200820,192.168.123.237,192.168.123.237,30685,20,F,592,1,0,9619,6878,anomalous
2025-04-16T14:51:08.141177,192.168.22.152,192.168.194.229,32688,22,R,138,0,0,4007,8061,normal
2025-04-16T14:51:11.598770,192.168.173.55,192.168.231.163,64222,25,S,175,0,0,6436,9462,normal
2025-04-16T14:51:14.727291,192.168.193.201,192.168.165.202,27874,25,PA,107,0,0,6677,6684,normal
2025-04-16T14:51:18.111243,192.168.166.40,192.168.31.174,30693,23,P,100,0,0,1493,4067,normal
2025-04-16T14:51:21.323833,192.168.217.27,192.168.217.27,38915,25,F,1488,1,0,2044,5868,anomalous
2025-04-16T14:51:24.442584,192.168.134.4,192.168.134.4,25307,23,F,645,1,90,3692,4888,anomalous
2025-04-16T14:51:28.344424,192.168.164.200,192.168.164.200,13505,22,F,1038,1,0,5438,1240,anomalous
2025-04-16T14:51:32.006074,192.168.135.194,192.168.151.102,55804,25,PA,142,0,0,8014,5314,normal
2025-04-16T14:51:34.731990,192.168.103.239,192.168.103.103,22691,443,PA,62,0,0,9535,5516,normal
2025-04-16T14:51:37.874320,192.168.158.139,192.168.158.139,63231,53,S,884,1,0,9381,2909,anomalous
2025-04-16T14:51:41.671844,192.168.153.228,192.168.207.100,62626,443,A,135,0,0,122,569,normal
2025-04-16T14:51:44.686936,192.168.211.138,192.168.1.24,55126,21,R,75,0,0,9800,3321,normal
2025-04-16T14:51:48.105346,192.168.119.87,192.168.119.87,25714,443,F,556,1,0,3193,5789,anomalous
2025-04-16T14:51:51.989123,192.168.63.238,192.168.160.233,27997,25,R,109,0,0,8492,8013,normal
2025-04-16T14:51:54.638890,192.168.25.6,192.168.25.6,54672,53,F,1131,1,0,5358,6271,anomalous
2025-04-16T14:51:58.552503,192.168.95.204,192.168.37.173,62828,53,P,21,0,0,1589,1751,normal
2025-04-16T14:52:01.834956,192.168.44.157,192.168.102.14,30422,20,FA,80,0,0,4247,7538,normal
2025-04-16T14:52:04.878637,192.168.88.167,192.168.50.126,48346,23,PA,100,0,0,7658,7830,normal
2025-04-16T14:52:08.126166,192.168.50.90,192.168.17.124,13398,443,PA,99,0,0,2962,4416,normal
2025-04-16T14:52:11.340366,192.168.0.219,192.168.0.219,65165,21,F,1314,1,59,3477,9726,anomalous
2025-04-16T14:52:14.930386,192.168.191.29,192.168.131.99,53698,443,R,150,0,0,531,2404,normal
2025-04-16T14:52:17.599716,192.168.45.252,192.168.45.252,46055,25,F,1187,1,98,1619,838,anomalous
2025-04-16T14:52:20.283155,192.168.137.111,192.168.137.111,46607,53,F,1088,1,0,7130,4144,anomalous
2025-04-16T14:52:23.454210,192.168.106.17,192.168.106.17,17758,443,F,1474,1,0,888,4571,anomalous
2025-04-16T14:52:27.220072,192.168.116.121,192.168.97.202,11797,21,SA,61,0,0,5612,9676,normal
2025-04-16T14:52:30.983441,192.168.71.85,192.168.71.85,32937,22,S,1163,1,0,7737,9653,anomalous
2025-04-16T14:52:34.204764,192.168.131.224,192.168.131.224,7792,53,S,963,1,47,7558,5846,anomalous
2025-04-16T14:52:37.361844,192.168.116.118,192.168.27.193,50742,22,SA,70,0,0,9274,1434,normal
2025-04-16T14:52:40.781435,192.168.160.248,192.168.11.233,34239,53,S,122,0,0,3660,2589,normal
2025-04-16T14:52:43.521478,192.168.205.97,192.168.249.133,6797,53,R,76,0,0,4819,1736,normal
2025-04-16T14:52:47.194538,192.168.108.187,192.168.108.187,65388,20,F,984,1,0,323,5043,anomalous
2025-04-16T14:52:50.997292,192.168.141.113,192.168.192.225,47568,22,R,200,0,0,9421,5832,normal
2025-04-16T14:52:54.610045,192.168.85.37,192.168.85.37,43570,443,F,911,1,0,526,6800,anomalous
2025-04-16T14:52:57.652898,192.168.16.245,192.168.187.155,39204,53,R,79,0,0,2244,9801,normal
2025-04-16T14:53:00.984915,192.168.207.140,192.168.117.158,51061,443,P,135,0,0,4703,7802,normal
2025-04-16T14:53:04.173573,192.168.192.8,192.168.192.8,54402,443,S,1061,1,0,3542,6653,anomalous
2025-04-16T14:53:07.984129,192.168.226.157,192.168.208.123,10348,20,PA,74,0,0,1794,9292,normal
2025-04-16T14:53:11.032520,192.168.68.228,192.168.46.77,21845,23,S,42,0,0,2752,9655,normal
2025-04-16T14:53:14.912923,192.168.222.151,192.168.246.39,34401,25,PA,107,0,0,1304,2719,normal
2025-04-16T14:53:18.079509,192.168.1.55,192.168.1.55,13473,443,R,1220,1,0,4117,2857,anomalous
2025-04-16T14:53:20.778539,192.168.182.219,192.168.187.16,16477,22,S,180,0,0,1560,6900,normal
2025-04-16T14:53:23.637733,192.168.42.43,192.168.42.43,9536,8080,R,1024,1,0,4496,6093,anomalous
2025-04-16T14:53:26.746624,192.168.183.159,192.168.183.159,31812,20,S,557,1,0,5155,3060,anomalous
2025-04-16T14:53:30.746497,192.168.149.12,192.168.179.107,5083,21,SA,150,0,0,9735,5377,normal
2025-04-16T14:53:33.545376,192.168.72.144,192.168.72.144,56546,53,S,623,1,0,2841,3241,anomalous
2025-04-16T14:53:36.674780,192.168.67.75,192.168.67.75,41560,20,F,900,1,0,7136,1103,anomalous
2025-04-16T14:53:39.542521,192.168.208.4,192.168.208.4,58564,443,F,722,1,75,9795,5131,anomalous
2025-04-16T14:53:42.689635,192.168.21.97,192.168.234.235,9364,443,R,58,0,0,3914,71,normal
2025-04-16T14:53:46.639364,192.168.214.134,192.168.163.228,60817,53,P,136,0,0,6744,947,normal
2025-04-16T14:53:50.146630,192.168.240.51,192.168.240.51,54560,20,S,503,1,13,9908,3364,anomalous
2025-04-16T14:53:53.767207,192.168.245.132,192.168.247.51,20285,22,SA,143,0,0,7304,2901,normal
2025-04-16T14:53:57.229316,192.168.194.127,192.168.194.127,46067,20,F,677,1,0,2808,9729,anomalous
2025-04-16T14:54:00.118708,192.168.169.194,192.168.155.51,39224,20,FA,23,0,0,6548,4284,normal
2025-04-16T14:54:04.130965,192.168.186.32,192.168.58.78,19121,23,FA,45,0,0,1733,8617,normal
2025-04-16T14:54:06.858766,192.168.80.211,192.168.80.211,21877,22,R,1009,1,0,6415,1616,anomalous
2025-04-16T14:54:10.422853,192.168.27.37,192.168.27.37,61241,8080,R,1155,1,0,4786,1521,anomalous
2025-04-16T14:54:13.511591,192.168.50.215,192.168.2.58,11786,25,R,182,0,0,9662,8963,normal
2025-04-16T14:54:16.376001,192.168.108.241,192.168.108.241,6946,22,S,937,1,39,1971,9182,anomalous
2025-04-16T14:54:20.295443,192.168.156.118,192.168.64.23,54692,22,P,24,0,0,321,3941,normal
2025-04-16T14:54:24.147997,192.168.237.240,192.168.237.240,41670,22,S,1376,1,78,3056,2831,anomalous
2025-04-16T14:54:27.693674,192.168.72.124,192.168.140.37,2077,21,F,144,0,0,4415,3620,normal
2025-04-16T14:54:30.242295,192.168.16.51,192.168.0.177,55577,443,PA,148,0,0,2146,1349,normal
2025-04-16T14:54:32.966685,192.168.131.10,192.168.131.10,64525,25,S,959,1,0,2739,4324,anomalous
2025-04-16T14:54:36.332467,192.168.202.81,192.168.122.59,61942,20,P,131,0,0,6592,6616,normal
2025-04-16T14:54:39.582800,192.168.71.37,192.168.71.37,57242,8080,R,1140,1,0,3800,9450,anomalous
2025-04-16T14:54:43.373942,192.168.102.243,192.168.102.243,13948,22,R,713,1,0,8465,3200,anomalous
2025-04-16T14:54:47.233754,192.168.238.62,192.168.238.62,60609,22,R,681,1,0,2621,1318,anomalous
2025-04-16T14:54:51.163870,192.168.6.38,192.168.6.38,56516,23,S,826,1,0,6205,1172,anomalous
2025-04-16T14:54:54.406373,192.168.133.135,192.168.115.189,30254,443,R,93,0,0,4590,143,normal
2025-04-16T14:54:57.658898,192.168.164.162,192.168.170.46,13657,22,F,148,0,0,6619,889,normal
2025-04-16T14:55:01.039007,192.168.133.241,192.168.19.236,49925,23,SA,180,0,0,9467,3788,normal
2025-04-16T14:55:04.250105,192.168.34.117,192.168.34.117,13516,80,S,642,1,0,3115,6841,anomalous
2025-04-16T14:55:07.251340,192.168.240.98,192.168.252.28,55044,443,F,78,0,0,1976,5302,normal
2025-04-16T14:55:11.261046,192.168.86.110,192.168.86.110,62585,53,F,533,1,0,1929,8518,anomalous
2025-04-16T14:55:13.829656,192.168.111.237,192.168.111.237,30346,8080,S,897,1,0,9480,9403,anomalous
2025-04-16T14:55:16.769802,192.168.11.238,192.168.11.238,57140,25,R,547,1,15,1277,8002,anomalous
2025-04-16T14:55:20.072030,192.168.138.211,192.168.0.44,3272,25,A,200,0,0,525,9944,normal
2025-04-16T14:55:23.674202,192.168.64.43,192.168.161.206,20807,20,F,77,0,0,977,3726,normal
2025-04-16T14:55:26.939464,192.168.45.161,192.168.45.161,16670,80,S,862,1,0,5829,1909,anomalous
2025-04-16T14:55:29.988282,192.168.34.8,192.168.34.8,20406,25,F,979,1,90,2521,9083,anomalous
2025-04-16T14:55:32.536416,192.168.239.20,192.168.15.144,33879,23,SA,119,0,0,9285,1254,normal
2025-04-16T14:55:35.300113,192.168.160.206,192.168.160.206,22834,443,R,1200,1,0,7850,1662,anomalous
2025-04-16T14:55:38.021788,192.168.31.68,192.168.31.68,46765,21,S,593,1,55,3408,4868,anomalous
2025-04-16T14:55:41.251580,192.168.129.50,192.168.142.88,19722,22,S,121,0,0,2016,5495,normal
2025-04-16T14:55:43.867785,192.168.93.141,192.168.93.141,45876,443,R,833,1,0,536,572,anomalous
2025-04-16T14:55:46.610572,192.168.24.248,192.168.37.124,36733,22,R,162,0,0,4115,8824,normal
2025-04-16T14:55:50.443155,192.168.49.66,192.168.49.66,29993,23,R,1151,1,0,3312,4300,anomalous
2025-04-16T14:55:53.685188,192.168.18.59,192.168.18.59,37919,53,F,555,1,0,6807,9018,anomalous
2025-04-16T14:55:57.540108,192.168.109.148,192.168.149.234,63158,25,R,111,0,0,3997,5930,normal
2025-04-16T14:56:00.963455,192.168.185.251,192.168.185.251,18935,25,S,770,1,0,4984,2899,anomalous
2025-04-16T14:56:04.238019,192.168.184.134,192.168.171.99,22360,443,S,197,0,0,2379,3534,normal
2025-04-16T14:56:07.022739,192.168.226.62,192.168.226.62,61413,20,F,1258,1,0,4148,4784,anomalous
2025-04-16T14:56:10.977891,192.168.46.74,192.168.106.96,62714,23,FA,200,0,0,7224,2874,normal
2025-04-16T14:56:14.287896,192.168.84.93,192.168.249.235,35418,25,A,159,0,0,7191,6590,normal
2025-04-16T14:56:18.008266,192.168.9.130,192.168.231.69,45028,20,P,101,0,0,4223,8320,normal
2025-04-16T14:56:21.302453,192.168.160.187,192.168.160.187,58379,8080,S,825,1,0,7138,2426,anomalous
2025-04-16T14:56:25.190294,192.168.229.63,192.168.229.63,10015,23,S,567,1,0,7739,9847,anomalous
2025-04-16T14:56:28.910743,192.168.110.233,192.168.110.233,3886,23,F,1355,1,0,6206,8592,anomalous
2025-04-16T14:56:31.550080,192.168.193.143,192.168.191.31,38000,53,P,137,0,0,9734,9905,normal
2025-04-16T14:56:34.262145,192.168.247.70,192.168.65.195,7951,25,F,44,0,0,5993,5837,normal
2025-04-16T14:56:38.254155,192.168.46.222,192.168.46.222,2404,22,S,909,1,0,9353,3482,anomalous
2025-04-16T14:56:41.109990,192.168.118.142,192.168.118.142,38587,22,F,571,1,0,5068,2850,anomalous
2025-04-16T14:56:44.777545,192.168.168.79,192.168.168.79,1454,22,R,571,1,0,7937,8319,anomalous
2025-04-16T14:56:47.565187,192.168.110.138,192.168.197.83,61434,21,PA,41,0,0,7583,7825,normal
2025-04-16T14:56:51.295816,192.168.136.101,192.168.94.76,6610,80,F,161,0,0,437,3833,normal
2025-04-16T14:56:53.992928,192.168.115.139,192.168.115.139,45718,23,S,1389,1,0,2161,7693,anomalous
2025-04-16T14:56:57.028575,192.168.91.55,192.168.34.7,61731,80,A,171,0,0,491,5130,normal
2025-04-16T14:57:00.303923,192.168.193.184,192.168.193.184,15271,8080,R,833,1,0,939,8415,anomalous
2025-04-16T14:57:04.072981,192.168.93.246,192.168.97.163,48595,8080,A,127,0,0,8960,3584,normal
2025-04-16T14:57:07.056083,192.168.93.26,192.168.85.17,47058,80,FA,108,0,0,1974,2884,normal
2025-04-16T14:57:10.550758,192.168.129.131,192.168.133.226,49042,20,A,161,0,0,5974,9053,normal
2025-04-16T14:57:13.986923,192.168.125.245,192.168.125.245,39818,22,S,821,1,0,5299,7978,anomalous
2025-04-16T14:57:17.317867,192.168.91.207,192.168.121.39,16439,21,P,79,0,0,5044,8839,normal
2025-04-16T14:57:21.143770,192.168.105.64,192.168.75.61,7014,23,SA,147,0,0,5833,3178,normal
2025-04-16T14:57:24.990294,192.168.91.128,192.168.77.208,6184,21,PA,90,0,0,8128,8731,normal
2025-04-16T14:57:28.220755,192.168.198.1,192.168.249.182,22390,53,R,33,0,0,3988,2551,normal
2025-04-16T14:57:30.963466,192.168.180.26,192.168.246.38,9953,25,R,116,0,0,2049,1610,normal
2025-04-16T14:57:34.483560,192.168.85.17,192.168.137.130,31413,21,SA,152,0,0,1697,6473,normal
2025-04-16T14:57:38.400918,192.168.212.178,192.168.212.178,55795,21,F,1190,1,0,1084,7066,anomalous
2025-04-16T14:57:42.250012,192.168.89.192,192.168.89.192,7837,25,S,698,1,54,7502,1686,anomalous
2025-04-16T14:57:45.882131,192.168.6.147,192.168.6.147,31374,21,F,1185,1,60,4861,35,anomalous
2025-04-16T14:57:49.055619,192.168.15.197,192.168.15.197,30663,21,S,733,1,28,6486,6992,anomalous
2025-04-16T14:57:52.285772,192.168.10.142,192.168.42.33,15719,23,S,75,0,0,4229,3852,normal
2025-04-16T14:57:56.303213,192.168.27.118,192.168.27.118,41848,8080,R,1330,1,0,9463,3213,anomalous
2025-04-16T14:57:58.936918,192.168.110.12,192.168.110.12,41798,53,F,767,1,0,828,6825,anomalous
2025-04-16T14:58:02.230994,192.168.143.182,192.168.143.182,15564,22,R,1267,1,43,4204,5098,anomalous
2025-04-16T14:58:05.354552,192.168.132.215,192.168.132.215,22718,23,R,1155,1,35,7279,4380,anomalous
2025-04-16T14:58:08.365432,192.168.63.22,192.168.63.22,31464,23,S,1044,1,0,1097,9233,anomalous
2025-04-16T14:58:11.150930,192.168.148.225,192.168.255.81,19243,23,F,62,0,0,5057,646,normal
2025-04-16T14:58:14.431367,192.168.127.218,192.168.127.218,51064,80,R,1444,1,0,4990,6163,anomalous
2025-04-16T14:58:17.565247,192.168.56.157,192.168.56.157,46399,443,F,1214,1,0,7555,5434,anomalous
2025-04-16T14:58:20.077726,192.168.169.155,192.168.169.155,44586,25,S,589,1,0,5836,9741,anomalous
2025-04-16T14:58:23.780609,192.168.253.14,192.168.166.138,58297,443,P,90,0,0,5295,7402,normal
2025-04-16T14:58:27.093133,192.168.58.241,192.168.33.15,29209,20,A,132,0,0,6849,1313,normal
2025-04-16T14:58:30.321495,192.168.62.203,192.168.169.246,50429,22,FA,121,0,0,1542,7550,normal
2025-04-16T14:58:33.159855,192.168.253.107,192.168.253.107,4978,21,R,1117,1,0,4327,5154,anomalous
2025-04-16T14:58:36.059589,192.168.93.88,192.168.93.88,13926,8080,S,578,1,0,5655,3346,anomalous
2025-04-16T14:58:39.340361,192.168.15.135,192.168.38.246,55242,25,A,34,0,0,8294,1828,normal
2025-04-16T14:58:42.528386,192.168.193.147,192.168.193.147,57820,23,F,1466,1,77,6196,1442,anomalous
2025-04-16T14:58:46.023417,192.168.102.206,192.168.102.206,64265,23,R,586,1,85,4256,5044,anomalous
2025-04-16T14:58:49.520282,192.168.157.11,192.168.214.84,9342,21,A,188,0,0,9301,8046,normal
2025-04-16T14:58:53.100391,192.168.107.93,192.168.107.93,27370,25,S,1192,1,75,3163,4474,anomalous
2025-04-16T14:58:55.796098,192.168.71.170,192.168.138.232,55364,80,FA,92,0,0,5026,4516,normal
2025-04-16T14:58:58.949569,192.168.118.39,192.168.118.39,44673,8080,S,1123,1,0,1524,6709,anomalous
2025-04-16T14:59:02.713199,192.168.182.14,192.168.151.79,54301,80,S,172,0,0,6034,9158,normal
2025-04-16T14:59:05.668388,192.168.136.45,192.168.202.63,29923,53,F,172,0,0,179,959,normal
2025-04-16T14:59:08.782686,192.168.241.88,192.168.169.93,3702,8080,F,87,0,0,2391,9409,normal
2025-04-16T14:59:12.184018,192.168.79.159,192.168.91.142,18434,25,P,142,0,0,5683,9265,normal
2025-04-16T14:59:15.630771,192.168.211.113,192.168.211.113,9177,443,R,1322,1,0,7307,9265,anomalous
2025-04-16T14:59:18.818076,192.168.116.45,192.168.116.45,51971,443,S,876,1,0,3677,1126,anomalous
2025-04-16T14:59:22.456267,192.168.98.231,192.168.98.231,46163,443,F,1074,1,0,5327,1869,anomalous
2025-04-16T14:59:24.977964,192.168.22.179,192.168.108.174,12392,25,S,166,0,0,4621,3713,normal
2025-04-16T14:59:28.901201,192.168.132.121,192.168.151.234,54147,8080,SA,194,0,0,6703,8044,normal
2025-04-16T14:59:32.652469,192.168.65.2,192.168.251.90,28074,8080,F,88,0,0,4752,9294,normal
2025-04-16T14:59:35.334641,192.168.140.219,192.168.140.219,33926,8080,F,906,1,5,1772,9249,anomalous
2025-04-16T15:00:12.668174,172.20.193.244,172.20.193.9,56544,22,S,22,0,0,3388,8073,normal
2025-04-16T15:00:16.247843,172.20.193.244,172.20.193.198,31588,22,R,137,0,0,8167,9576,normal
2025-04-16T15:00:20.288350,172.20.193.224,172.20.193.244,22,45201,P,38,0,0,5348,5103,normal
2025-04-16T15:00:20.824493,172.20.193.244,172.20.193.244,3306,60478,R,1209,1,0,7119,4498,anomalous
2025-04-16T15:00:21.568262,172.20.193.65,172.20.193.244,22,53557,PA,65,0,0,7752,9185,normal
2025-04-16T15:00:22.872651,172.20.193.244,172.20.193.75,42683,20,PA,174,0,0,6880,6465,normal
2025-04-16T15:00:25.833437,172.20.193.244,172.20.193.244,54941,3306,S,1376,1,0,2974,1974,anomalous
2025-04-16T15:00:26.634563,172.20.193.244,172.20.193.81,27778,20,A,25,0,0,3268,6617,normal
2025-04-16T15:00:29.210274,172.20.193.24,172.20.193.24,22,61458,S,746,1,0,2442,288,anomalous
2025-04-16T15:00:32.884097,172.20.193.244,172.20.193.244,25636,3306,R,807,1,39,8695,1815,anomalous
2025-04-16T15:00:33.603539,172.20.193.244,172.20.193.244,57701,22,F,1072,1,0,3918,6879,anomalous
2025-04-16T15:00:35.015840,172.20.193.244,172.20.193.244,40430,25,F,1464,1,0,8282,869,anomalous
2025-04-16T15:00:35.905892,172.20.193.244,172.20.193.244,3306,4922,F,1459,1,0,760,8276,anomalous
2025-04-16T15:00:37.100417,172.20.193.244,172.20.193.77,22,1234,F,80,0,0,5706,5188,normal
2025-04-16T15:00:39.741786,172.20.193.244,172.20.193.209,22,17325,F,172,0,0,3559,4029,normal
2025-04-16T15:00:42.508886,172.20.193.244,172.20.193.226,31707,20,A,63,0,0,2541,2291,normal
2025-04-16T15:00:45.670979,172.20.193.154,172.20.193.154,22,23244,F,1241,1,62,6922,2897,anomalous
2025-04-16T15:00:49.595985,172.20.193.244,172.20.193.244,25470,8080,S,682,1,40,4648,256,anomalous
2025-04-16T15:00:50.458856,172.20.193.244,172.20.193.122,61367,25,FA,192,0,0,6004,3559,normal
2025-04-16T15:00:53.050696,172.20.193.244,172.20.193.10,36895,3306,R,126,0,0,9747,1191,normal
2025-04-16T15:00:56.394958,172.20.193.244,172.20.193.244,40901,22,F,959,1,46,8582,4833,anomalous
2025-04-16T15:00:58.081093,172.20.193.203,172.20.193.244,42363,3306,SA,64,0,0,7439,8274,normal
2025-04-16T15:01:00.078255,172.20.193.160,172.20.193.160,64477,22,S,1121,1,0,705,8072,anomalous
2025-04-16T15:01:03.512453,172.20.193.244,172.20.193.64,3306,20367,P,79,0,0,6298,5140,normal
2025-04-16T15:01:07.024799,172.20.193.244,172.20.193.244,47341,23,S,1298,1,0,7038,8010,anomalous
2025-04-16T15:01:07.734503,172.20.193.244,172.20.193.244,13684,25,F,872,1,13,2049,5796,anomalous
2025-04-16T15:01:20.697066,172.20.193.93,172.20.193.244,3306,34311,SA,99,0,0,2952,2968,normal
2025-04-16T15:01:22.258097,172.20.193.244,172.20.193.244,11522,22,F,1230,1,0,9532,6605,anomalous
2025-04-16T15:01:23.473866,172.20.193.244,172.20.193.244,22,48083,R,749,1,0,4466,8053,anomalous
2025-04-16T15:01:24.840965,172.20.193.59,172.20.193.244,36817,8080,F,35,0,0,2378,6316,normal
2025-04-16T15:01:26.714333,172.20.193.35,172.20.193.35,48498,22,S,1408,1,0,4232,6138,anomalous
2025-04-16T15:01:30.386380,172.20.193.29,172.20.193.244,22,9793,P,101,0,0,6972,7566,normal
2025-04-16T15:01:31.347951,172.20.193.155,172.20.193.155,55172,3306,R,621,1,0,7806,6430,anomalous
2025-04-16T15:01:34.042845,172.20.193.244,172.20.193.244,54797,3306,F,1200,1,0,1802,6893,anomalous
2025-04-16T15:01:35.834903,172.20.193.244,172.20.193.237,22,52890,F,27,0,0,4504,9087,normal
2025-04-16T15:01:38.704149,172.20.193.244,172.20.193.244,3306,52189,S,1085,1,21,6036,3218,anomalous
2025-04-16T15:01:39.831240,172.20.193.90,172.20.193.90,22,59895,R,1072,1,0,6886,719,anomalous
2025-04-16T15:01:42.486842,172.20.193.244,172.20.193.195,33142,22,A,187,0,0,4819,7925,normal
2025-04-16T15:01:45.042647,172.20.193.244,172.20.193.244,49453,443,F,652,1,0,7183,5835,anomalous
2025-04-16T15:01:45.736088,172.20.193.244,172.20.193.129,22,18531,R,64,0,0,6708,9815,normal
2025-04-16T15:01:49.115116,172.20.193.244,172.20.193.244,16354,23,R,1002,1,0,3609,6564,anomalous
2025-04-16T15:01:50.384344,172.20.193.188,172.20.193.244,3306,29029,A,146,0,0,1019,178,normal
2025-04-16T22:10:42.929047,192.168.68.104,192.168.68.104,14618,3306,S,1172,1,0,7078,5539,anomalous
2025-04-16T22:10:44.203411,192.168.68.104,192.168.68.104,34815,20,F,889,1,0,1887,9677,anomalous
2025-04-16T22:10:45.025129,192.168.68.104,192.168.68.31,44597,80,P,130,0,0,2097,89,normal
2025-04-16T22:10:46.343384,192.168.68.104,192.168.68.20,23548,22,A,198,0,0,3836,4081,normal
2025-04-16T22:10:47.653286,192.168.68.104,192.168.68.104,3306,22396,F,1106,1,0,2706,9780,anomalous
2025-04-16T22:10:48.306908,192.168.68.104,192.168.68.104,60833,3306,S,951,1,0,4220,660,anomalous
2025-04-16T22:10:49.143346,192.168.68.190,192.168.68.104,49333,3306,PA,53,0,0,3982,9697,normal
2025-04-16T22:10:50.485986,192.168.68.104,192.168.68.74,55190,21,SA,176,0,0,7671,8071,normal
2025-04-16T22:10:51.739558,192.168.68.104,192.168.68.113,38452,3306,P,93,0,0,3587,7530,normal
2025-04-16T22:10:53.739057,192.168.68.27,192.168.68.104,28499,5000,P,45,0,0,5632,2370,normal
2025-04-16T22:10:55.251371,192.168.68.104,192.168.68.104,8880,3306,R,624,1,0,962,6299,anomalous
2025-04-16T22:10:56.876270,192.168.68.104,192.168.68.38,42023,5000,PA,136,0,0,9396,1970,normal
2025-04-16T22:10:57.600104,192.168.68.104,192.168.68.9,31699,80,A,155,0,0,1081,837,normal
2025-04-16T22:10:58.928781,192.168.68.104,192.168.68.171,32130,21,PA,159,0,0,2141,6892,normal
2025-04-16T22:10:59.658824,192.168.68.154,192.168.68.154,26635,8080,R,686,1,0,6160,7899,anomalous
2025-04-16T22:11:00.268431,192.168.68.104,192.168.68.136,44203,21,F,152,0,0,9594,9542,normal
2025-04-16T22:11:01.328701,192.168.68.104,192.168.68.183,41478,5000,F,139,0,0,8229,265,normal
2025-04-16T22:11:02.295715,192.168.68.203,192.168.68.203,56689,25,F,999,1,0,7223,1053,anomalous
2025-04-16T22:11:03.410983,192.168.68.104,192.168.68.104,5000,63871,R,584,1,21,7413,7819,anomalous
2025-04-16T22:11:04.111870,192.168.68.52,192.168.68.104,5000,57584,S,147,0,0,6616,2748,normal
2025-04-16T22:11:04.743312,192.168.68.104,192.168.68.104,22410,5000,S,719,1,18,7263,3022,anomalous
2025-04-16T22:11:05.407159,192.168.68.104,192.168.68.88,3306,32830,P,121,0,0,5635,8219,normal
2025-04-16T22:11:07.266231,192.168.68.140,192.168.68.104,11176,20,PA,111,0,0,3066,6516,normal
2025-04-16T22:11:09.088038,192.168.68.104,192.168.68.104,5000,34714,S,920,1,0,5088,2935,anomalous
2025-04-16T22:11:10.130207,192.168.68.104,192.168.68.104,29552,443,S,796,1,0,2901,1949,anomalous
2025-04-16T22:11:11.891497,192.168.68.104,192.168.68.100,5000,19992,S,117,0,0,7671,6893,normal
2025-04-16T22:11:12.587557,192.168.68.80,192.168.68.80,30185,80,R,1015,1,0,4093,4252,anomalous
2025-04-16T22:11:14.478214,192.168.68.141,192.168.68.141,15282,5000,S,697,1,0,8118,2821,anomalous
2025-04-16T22:11:15.694173,192.168.68.104,192.168.68.5,47885,23,P,41,0,0,4334,6396,normal
2025-04-16T22:11:17.207838,192.168.68.104,192.168.68.201,16790,3306,S,156,0,0,4718,2565,normal
2025-04-16T22:11:18.592303,192.168.68.104,192.168.68.104,3306,43852,R,1289,1,77,5275,4882,anomalous
2025-04-16T22:11:20.541715,192.168.68.104,192.168.68.106,8173,20,S,20,0,0,3951,3260,normal
2025-04-16T22:11:21.989778,192.168.68.104,192.168.68.104,11108,21,S,1008,1,73,7934,5855,anomalous
2025-04-16T22:11:23.856850,192.168.68.104,192.168.68.104,5000,50353,F,1240,1,0,2275,7600,anomalous
2025-04-16T22:11:24.951416,192.168.68.104,192.168.68.47,26295,21,SA,31,0,0,7448,2957,normal
2025-04-16T22:11:26.072247,192.168.68.104,192.168.68.104,17139,5000,R,714,1,0,9889,8305,anomalous
2025-04-16T22:11:27.089976,192.168.68.30,192.168.68.104,5268,22,FA,85,0,0,5772,1469,normal
2025-04-16T22:11:38.376493,192.168.68.104,192.168.68.104,33509,5000,F,976,1,0,3773,6362,anomalous
2025-04-16T22:11:40.145374,192.168.68.104,192.168.68.104,13916,5000,S,1185,1,0,5982,6282,anomalous
2025-04-16T22:11:42.019434,192.168.68.104,192.168.68.104,3306,18901,S,1430,1,0,1277,2737,anomalous
2025-04-16T22:11:43.065482,192.168.68.104,192.168.68.104,18336,21,F,1425,1,67,3104,4154,anomalous
2025-04-16T22:11:43.926690,192.168.68.104,192.168.68.212,3306,61769,S,75,0,0,1829,1221,normal
2025-04-16T22:11:45.037819,192.168.68.104,192.168.68.38,51615,3306,FA,127,0,0,7086,1897,normal
2025-04-16T22:11:45.596485,192.168.68.222,192.168.68.104,28378,5000,PA,86,0,0,8301,5828,normal
2025-04-16T22:11:46.104940,192.168.68.104,192.168.68.1,18967,3306,R,171,0,0,872,9813,normal
2025-04-16T22:11:47.748363,192.168.68.104,192.168.68.104,32099,22,S,1450,1,4,7324,8503,anomalous
2025-04-16T22:11:49.714924,192.168.68.104,192.168.68.104,25363,80,R,610,1,0,4880,2581,anomalous
2025-04-16T22:11:50.235989,192.168.68.240,192.168.68.240,5000,29388,F,634,1,74,6227,5288,anomalous
2025-04-16T22:11:51.220959,192.168.68.104,192.168.68.104,30860,53,F,879,1,0,4286,7441,anomalous
2025-04-16T22:11:51.775863,192.168.68.104,192.168.68.104,45162,5000,R,1404,1,0,8224,4852,anomalous
2025-04-16T22:11:53.722812,192.168.68.104,192.168.68.230,14669,53,R,92,0,0,5940,1314,normal
2025-04-16T22:11:55.634225,192.168.68.104,192.168.68.135,3306,43062,F,135,0,0,6795,7873,normal
2025-04-16T22:11:56.799109,192.168.68.201,192.168.68.104,57022,5000,A,96,0,0,1392,5972,normal
2025-04-16T22:11:57.798859,192.168.68.104,192.168.68.104,28483,53,F,688,1,79,2310,565,anomalous
2025-04-16T22:11:59.276235,192.168.68.104,192.168.68.104,3306,24294,F,1024,1,0,7343,7179,anomalous
2025-04-16T22:12:00.905704,192.168.68.104,192.168.68.104,3306,60978,F,601,1,0,2240,852,anomalous
2025-04-16T22:12:01.721228,192.168.68.246,192.168.68.246,49076,443,F,1265,1,0,2233,945,anomalous
2025-04-16T22:12:02.698753,192.168.68.67,192.168.68.104,5000,63126,P,200,0,0,6853,9384,normal
2025-04-16T22:12:03.296683,192.168.68.104,192.168.68.104,41737,53,F,1439,1,0,1444,5849,anomalous
2025-04-16T22:12:04.211197,192.168.68.104,192.168.68.104,46675,21,F,1128,1,0,4734,7762,anomalous
2025-04-16T22:12:05.988807,192.168.68.111,192.168.68.104,16111,3306,R,96,0,0,2872,4224,normal
2025-04-16T22:12:07.784303,192.168.68.104,192.168.68.104,3430,5000,R,714,1,0,4715,6414,anomalous
2025-04-16T22:12:09.043850,192.168.68.104,192.168.68.40,3967,21,S,50,0,0,1921,7092,normal
2025-04-16T22:12:10.110002,192.168.68.204,192.168.68.104,23619,443,F,24,0,0,9756,9450,normal
2025-04-16T22:12:10.668823,192.168.68.104,192.168.68.6,9574,8080,A,89,0,0,2138,4697,normal
2025-04-16T22:12:14.642981,192.168.68.104,192.168.68.119,54388,22,P,49,0,0,6557,8271,normal
2025-04-16T22:12:15.451568,192.168.68.104,192.168.68.104,32478,5000,F,863,1,46,4178,8791,anomalous
2025-04-16T22:12:16.010235,192.168.68.104,192.168.68.104,5000,29841,F,583,1,0,1018,4249,anomalous
2025-04-16T22:12:16.531431,192.168.68.104,192.168.68.164,50762,23,S,60,0,0,6404,7370,normal
2025-04-16T22:12:18.240461,192.168.68.195,192.168.68.195,5000,25671,F,1160,1,85,8483,5531,anomalous
2025-04-16T22:12:20.060422,192.168.68.40,192.168.68.40,4616,5000,F,1182,1,0,6640,6198,anomalous
2025-04-16T22:12:20.996816,192.168.68.165,192.168.68.104,42668,5000,R,81,0,0,4862,9473,normal
2025-04-16T22:12:21.683930,192.168.68.194,192.168.68.194,41044,20,R,779,1,13,6115,8522,anomalous
2025-04-16T22:12:23.197361,192.168.68.167,192.168.68.167,16548,80,S,985,1,0,7780,1630,anomalous
2025-04-16T22:12:24.537749,192.168.68.104,192.168.68.127,26215,443,R,104,0,0,3166,5125,normal
2025-04-16T22:12:25.194583,192.168.68.104,192.168.68.104,5000,47019,F,1020,1,0,5030,7464,anomalous
2025-04-16T22:12:26.393913,192.168.68.104,192.168.68.45,39318,8080,A,113,0,0,9280,6512,normal
2025-04-16T22:12:26.924120,192.168.68.104,192.168.68.104,52750,25,F,501,1,0,4149,3,anomalous
2025-04-16T22:12:28.920821,192.168.68.104,192.168.68.231,5118,5000,A,54,0,0,6279,9945,normal
2025-04-16T22:12:30.715285,192.168.68.128,192.168.68.128,3306,2804,F,948,1,0,1173,6639,anomalous
2025-04-16T22:14:50.303054,192.168.68.104,192.168.68.246,5000,54465,A,20,0,0,7645,4360,normal
2025-04-16T22:14:51.856918,192.168.68.46,192.168.68.46,60227,22,R,574,1,0,9479,2261,anomalous
2025-04-16T22:14:52.630511,192.168.68.205,192.168.68.104,46540,21,PA,113,0,0,8886,1477,normal
2025-04-16T22:14:54.398857,192.168.68.104,192.168.68.104,5477,443,S,1442,1,0,9795,2979,anomalous
2025-04-16T22:14:55.846991,192.168.68.248,192.168.68.248,38731,5000,R,1049,1,0,931,8226,anomalous
2025-04-16T22:14:57.091568,192.168.68.246,192.168.68.246,53921,3306,S,1033,1,0,4156,7399,anomalous
2025-04-16T22:14:58.948883,192.168.68.104,192.168.68.104,5000,22701,F,672,1,0,9178,460,anomalous
2025-04-16T22:15:00.197257,192.168.68.104,192.168.68.41,7539,8080,SA,68,0,0,6381,2676,normal
2025-04-16T22:15:01.725214,192.168.68.249,192.168.68.249,61433,22,F,1275,1,0,6670,8937,anomalous
2025-04-16T22:15:02.784710,192.168.68.104,192.168.68.16,5000,43924,FA,146,0,0,5999,8100,normal
2025-04-16T22:15:03.897215,192.168.68.104,192.168.68.57,57074,80,R,22,0,0,141,5099,normal
2025-04-16T22:15:04.909712,192.168.68.104,192.168.68.186,18491,443,S,54,0,0,931,1071,normal
2025-04-16T22:15:05.912962,192.168.68.224,192.168.68.224,26790,8080,S,712,1,0,7069,8047,anomalous
2025-04-16T22:15:07.790404,192.168.68.53,192.168.68.104,28040,8080,F,177,0,0,5822,7768,normal
2025-04-16T22:15:08.527203,192.168.68.104,192.168.68.104,3306,17893,S,885,1,0,2293,6933,anomalous
2025-04-16T22:15:09.360193,192.168.68.129,192.168.68.129,33384,5000,F,1295,1,11,2755,7491,anomalous
2025-04-16T22:15:10.394646,192.168.68.104,192.168.68.152,30930,21,SA,88,0,0,3736,1350,normal
2025-04-16T22:15:11.447315,192.168.68.143,192.168.68.104,3306,29594,FA,58,0,0,6389,1406,normal
2025-04-16T22:15:12.052219,192.168.68.104,192.168.68.43,51537,53,P,171,0,0,3248,5369,normal
2025-04-16T22:15:13.948383,192.168.68.104,192.168.68.117,37141,3306,F,193,0,0,823,2110,normal
2025-04-16T22:15:16.531207,192.168.68.245,192.168.68.104,36433,8080,S,158,0,0,1910,7382,normal
2025-04-16T22:15:18.418206,192.168.68.104,192.168.68.41,5000,41166,F,125,0,0,8227,9631,normal
2025-04-16T22:15:19.373495,192.168.68.104,192.168.68.104,44129,8080,R,1487,1,0,1333,4844,anomalous
2025-04-16T22:15:19.999675,192.168.68.104,192.168.68.241,2889,22,PA,64,0,0,9390,1520,normal
2025-04-16T22:15:21.314422,192.168.68.104,192.168.68.2,45615,3306,R,57,0,0,9936,2915,normal
2025-04-16T22:15:22.211590,192.168.68.104,192.168.68.24,48199,3306,FA,144,0,0,8483,2799,normal
2025-04-16T22:15:23.639588,192.168.68.104,192.168.68.104,3306,50098,F,808,1,0,4060,2364,anomalous
2025-04-16T22:15:24.426723,192.168.68.185,192.168.68.185,15402,25,R,1206,1,0,4619,9728,anomalous
2025-04-16T22:15:26.052314,192.168.68.113,192.168.68.113,36688,23,F,861,1,0,7842,1130,anomalous
2025-04-16T22:15:27.777533,192.168.68.70,192.168.68.70,16141,5000,S,590,1,0,2932,5490,anomalous
2025-04-16T22:15:28.519969,192.168.68.104,192.168.68.109,5000,11285,P,189,0,0,6257,9809,normal
2025-04-16T22:15:30.143188,192.168.68.104,192.168.68.89,35924,5000,S,30,0,0,2992,2703,normal
2025-04-16T22:15:32.013740,192.168.68.118,192.168.68.118,6577,5000,F,1268,1,0,3079,7115,anomalous
2025-04-16T22:15:32.744086,192.168.68.104,192.168.68.65,47150,443,SA,138,0,0,7815,2329,normal
2025-04-16T22:15:34.643235,192.168.68.205,192.168.68.205,10038,25,R,1471,1,76,8512,5276,anomalous
2025-04-16T22:17:05.176655,192.168.68.104,192.168.68.104,3306,9101,F,824,1,0,6925,641,anomalous
2025-04-16T22:17:06.692422,192.168.68.104,192.168.68.44,8602,23,P,101,0,0,3607,4246,normal
2025-04-16T22:17:08.565820,192.168.68.104,192.168.68.176,49351,53,S,95,0,0,3446,1156,normal
2025-04-16T22:17:09.927861,192.168.68.104,192.168.68.104,30279,21,R,600,1,0,8991,5526,anomalous
2025-04-16T22:17:11.881872,192.168.68.104,192.168.68.104,33404,443,S,593,1,93,4546,895,anomalous
2025-04-16T22:17:13.666606,192.168.68.104,192.168.68.104,34210,20,R,684,1,0,7049,3685,anomalous
2025-04-16T22:17:15.491839,192.168.68.199,192.168.68.104,3306,23854,FA,76,0,0,862,6100,normal
2025-04-16T22:17:16.031906,192.168.68.104,192.168.68.16,46932,443,P,92,0,0,2054,3081,normal
2025-04-16T22:17:17.936963,192.168.68.243,192.168.68.243,5000,36386,R,694,1,0,4318,6834,anomalous
2025-04-16T22:17:18.609614,192.168.68.95,192.168.68.95,5000,48595,F,537,1,0,8975,2208,anomalous
2025-04-16T22:17:19.535434,192.168.68.104,192.168.68.104,5000,46955,S,509,1,0,6966,5518,anomalous
2025-04-16T22:17:20.094871,192.168.68.104,192.168.68.195,5000,27671,A,92,0,0,4654,2574,normal
2025-04-16T22:17:20.740711,192.168.68.104,192.168.68.115,50315,5000,F,39,0,0,8921,8978,normal
2025-04-16T22:17:21.988796,192.168.68.104,192.168.68.104,4107,80,R,713,1,0,8087,5499,anomalous
2025-04-16T22:17:23.812591,192.168.68.13,192.168.68.13,22867,23,R,876,1,0,2918,7106,anomalous
2025-04-16T22:17:25.590647,192.168.68.104,192.168.68.104,3306,19263,S,574,1,66,4543,4489,anomalous
2025-04-16T22:17:26.433223,192.168.68.104,192.168.68.104,53911,5000,S,519,1,0,2629,2576,anomalous
2025-04-16T22:17:27.018863,192.168.68.55,192.168.68.55,5000,3516,R,519,1,0,116,7820,anomalous
2025-04-16T22:17:28.583730,192.168.68.76,192.168.68.104,62360,5000,R,47,0,0,5822,9029,normal
2025-04-16T22:17:29.783575,192.168.68.104,192.168.68.104,3306,41917,S,622,1,0,9484,900,anomalous
2025-04-16T22:17:31.010280,192.168.68.122,192.168.68.122,10870,5000,R,684,1,0,371,7686,anomalous
2025-04-16T22:17:31.648292,192.168.68.104,192.168.68.199,3306,25668,S,149,0,0,5785,5382,normal
2025-04-16T22:17:32.353618,192.168.68.104,192.168.68.104,31563,20,R,756,1,0,6481,3263,anomalous
2025-04-16T22:17:33.430339,192.168.68.233,192.168.68.104,52702,5000,R,179,0,0,1810,8522,normal
2025-04-16T22:17:34.258362,192.168.68.104,192.168.68.104,23871,5000,F,757,1,0,7879,1635,anomalous
2025-04-16T22:17:35.223664,192.168.68.172,192.168.68.172,3306,50482,S,550,1,16,377,7470,anomalous
2025-04-16T22:17:36.059239,192.168.68.104,192.168.68.244,16175,443,PA,198,0,0,3341,5757,normal
2025-04-16T22:17:36.919598,192.168.68.104,192.168.68.104,30098,5000,F,601,1,40,9407,7806,anomalous
2025-04-16T22:17:38.295034,192.168.68.161,192.168.68.161,32965,25,S,640,1,0,9607,346,anomalous
2025-04-16T22:17:39.200064,192.168.68.104,192.168.68.104,3306,2944,R,511,1,36,3669,2066,anomalous
2025-04-16T22:17:40.075971,192.168.68.104,192.168.68.41,45793,21,P,55,0,0,3111,7547,normal
2025-04-16T22:17:41.221682,192.168.68.104,192.168.68.241,5000,56957,S,157,0,0,1214,1067,normal
2025-04-16T22:17:42.485759,192.168.68.104,192.168.68.138,6423,5000,SA,46,0,0,2804,3007,normal
2025-04-16T22:17:43.348472,192.168.68.115,192.168.68.104,3306,10735,S,81,0,0,4061,1272,normal
2025-04-16T22:17:44.914087,192.168.68.182,192.168.68.104,13224,20,S,96,0,0,9263,2648,normal
2025-04-16T22:17:46.427639,192.168.68.104,192.168.68.146,6712,25,A,104,0,0,6947,5665,normal
2025-04-16T22:17:47.318679,192.168.68.52,192.168.68.104,21004,80,A,136,0,0,1924,8502,normal
2025-04-16T22:17:49.210259,192.168.68.104,192.168.68.193,62047,80,SA,129,0,0,4485,223,normal
2025-04-16T22:17:50.190195,192.168.68.104,192.168.68.253,50357,3306,R,52,0,0,14,924,normal
2025-04-16T22:17:51.484912,192.168.68.104,192.168.68.79,11610,23,S,97,0,0,6761,5622,normal
2025-04-16T22:17:52.621610,192.168.68.104,192.168.68.14,16150,25,F,86,0,0,9964,7556,normal
2025-04-16T22:17:53.504490,192.168.68.104,192.168.68.104,5000,37626,F,613,1,0,8893,247,anomalous
2025-04-16T22:17:55.151199,192.168.68.104,192.168.68.104,11660,23,S,541,1,0,6336,4837,anomalous
2025-04-16T22:17:56.973116,192.168.68.104,192.168.68.169,57838,80,FA,176,0,0,6976,6641,normal
2025-04-16T22:17:58.303008,192.168.68.104,192.168.68.104,13315,5000,F,645,1,79,6979,2572,anomalous
2025-04-16T22:17:59.081078,192.168.68.104,192.168.68.104,5000,42130,S,805,1,0,1476,4882,anomalous
2025-04-16T22:18:00.099069,192.168.68.163,192.168.68.104,5000,58018,SA,193,0,0,2098,241,normal
2025-04-16T22:18:00.886435,192.168.68.104,192.168.68.104,23538,20,F,867,1,0,8966,2975,anomalous
2025-04-16T22:18:01.412450,192.168.68.104,192.168.68.64,8181,3306,FA,128,0,0,2704,4720,normal
2025-04-16T22:18:02.199097,192.168.68.104,192.168.68.65,4475,22,FA,48,0,0,8963,4494,normal
2025-04-16T22:18:03.633777,192.168.68.104,192.168.68.45,18787,23,A,198,0,0,8343,7001,normal
2025-04-16T22:18:05.185112,192.168.68.206,192.168.68.104,3306,53860,SA,158,0,0,1441,4147,normal
2025-04-16T22:18:05.875188,192.168.68.104,192.168.68.104,42228,5000,R,501,1,0,4200,743,anomalous
2025-04-16T22:18:07.681340,192.168.68.60,192.168.68.104,5000,2795,S,134,0,0,9571,7081,normal
2025-04-16T22:18:08.912177,192.168.68.104,192.168.68.104,22456,53,R,651,1,0,251,6995,anomalous
2025-04-16T22:18:09.960549,192.168.68.104,192.168.68.104,28945,5000,S,784,1,0,4102,9990,anomalous
2025-04-16T22:18:11.441211,192.168.68.104,192.168.68.104,3306,60786,F,604,1,80,2138,9083,anomalous
2025-04-16T22:18:12.652253,192.168.68.104,192.168.68.104,31790,3306,S,795,1,0,739,6128,anomalous
2025-04-16T22:18:13.336878,192.168.68.104,192.168.68.104,47464,20,F,594,1,0,6189,9132,anomalous
2025-04-16T22:18:15.120614,192.168.68.104,192.168.68.104,1637,3306,S,896,1,96,2817,2798,anomalous
2025-04-16T22:18:15.709903,192.168.68.104,192.168.68.147,3306,20464,P,22,0,0,8355,8489,normal
2025-04-16T22:18:16.868383,192.168.68.245,192.168.68.245,5000,59145,S,733,1,0,3887,9984,anomalous
2025-04-16T22:18:20.564271,192.168.68.104,192.168.68.60,3306,48415,P,57,0,0,7040,4417,normal
2025-04-16T22:18:21.173555,192.168.68.104,192.168.68.87,52123,3306,SA,145,0,0,6741,1717,normal
2025-04-16T22:18:22.657339,192.168.68.227,192.168.68.227,33924,3306,F,570,1,16,1873,9188,anomalous
2025-04-16T22:18:24.283567,192.168.68.104,192.168.68.198,46642,22,P,69,0,0,5658,5272,normal
2025-04-16T22:18:24.943879,192.168.68.104,192.168.68.104,5000,47783,S,869,1,0,9809,165,anomalous
2025-04-16T22:18:26.154426,192.168.68.71,192.168.68.104,5000,29691,FA,91,0,0,2996,7129,normal
2025-04-16T22:18:26.926250,192.168.68.104,192.168.68.104,42909,3306,S,726,1,0,5479,493,anomalous
2025-04-16T22:18:28.173390,192.168.68.213,192.168.68.213,45593,5000,F,515,1,0,3946,3775,anomalous
2025-04-16T22:18:29.659158,192.168.68.201,192.168.68.104,23704,8080,A,94,0,0,4901,615,normal
2025-04-16T22:18:30.309268,192.168.68.26,192.168.68.104,40979,80,F,185,0,0,4807,7342,normal
2025-04-16T22:18:31.305995,192.168.68.104,192.168.68.104,5000,11556,S,775,1,84,167,2280,anomalous
2025-04-16T22:18:33.214190,192.168.68.145,192.168.68.104,59162,21,PA,28,0,0,9246,4044,normal
2025-04-16T22:18:34.541115,192.168.68.104,192.168.68.243,35716,3306,A,197,0,0,1462,4338,normal
2025-04-16T22:18:35.675871,192.168.68.104,192.168.68.238,17170,80,S,103,0,0,3210,4734,normal
2025-04-16T22:18:37.034588,192.168.68.104,192.168.68.217,5000,33954,A,167,0,0,9735,1834,normal
2025-04-16T22:18:37.545183,192.168.68.104,192.168.68.82,47953,5000,P,86,0,0,444,8657,normal
2025-04-16T22:18:38.991887,192.168.68.104,192.168.68.104,15024,20,S,794,1,0,9324,5505,anomalous
2025-04-16T22:18:40.287911,192.168.68.136,192.168.68.136,4410,443,R,600,1,0,3477,6426,anomalous
2025-04-16T22:18:41.383976,192.168.68.104,192.168.68.104,64490,80,R,505,1,81,8618,9215,anomalous
2025-04-16T22:18:42.191179,192.168.68.174,192.168.68.104,39959,22,SA,98,0,0,2472,2470,normal
2025-04-16T22:18:43.330337,192.168.68.104,192.168.68.104,54619,20,F,547,1,0,4144,2556,anomalous
2025-04-16T22:18:44.478394,192.168.68.155,192.168.68.155,52794,23,R,888,1,0,5068,3325,anomalous
2025-04-16T22:18:45.777410,192.168.68.104,192.168.68.104,41712,5000,R,618,1,41,9351,5214,anomalous
2025-04-16T22:18:46.381463,192.168.68.82,192.168.68.82,3306,55849,S,799,1,0,1437,5226,anomalous
2025-04-16T22:20:01.826324,192.168.68.104,192.168.68.86,5000,51100,R,82,0,0,9733,6782,normal
2025-04-16T22:20:02.724905,192.168.68.114,192.168.68.104,3306,48627,P,36,0,0,6890,3852,normal
2025-04-16T22:20:03.280552,192.168.68.104,192.168.68.104,49305,3306,R,888,1,0,7681,4353,anomalous
2025-04-16T22:20:03.899254,192.168.68.128,192.168.68.104,5000,40586,FA,144,0,0,2898,5278,normal
2025-04-16T22:20:05.485990,192.168.68.104,192.168.68.104,59034,20,S,860,1,0,7570,1500,anomalous
2025-04-16T22:20:06.880739,192.168.68.7,192.168.68.7,5000,8404,F,606,1,16,2962,6874,anomalous
2025-04-16T22:20:08.767568,192.168.68.104,192.168.68.104,3306,10204,F,854,1,86,4245,9752,anomalous
2025-04-16T22:20:09.654371,192.168.68.104,192.168.68.211,9589,3306,A,111,0,0,3855,3430,normal
2025-04-16T22:20:10.708821,192.168.68.203,192.168.68.203,13457,25,R,854,1,0,2095,3955,anomalous
2025-04-16T22:20:11.232108,192.168.68.104,192.168.68.155,5000,10329,S,124,0,0,3382,2089,normal
2025-04-16T22:20:12.080783,192.168.68.104,192.168.68.104,11684,53,R,793,1,85,6681,1881,anomalous
2025-04-16T22:20:13.161753,192.168.68.104,192.168.68.104,8738,20,R,631,1,0,5462,3901,anomalous
2025-04-16T22:20:14.069986,192.168.68.104,192.168.68.104,5000,60952,F,824,1,0,9207,8173,anomalous
2025-04-16T22:20:16.075917,192.168.68.131,192.168.68.104,5000,46557,FA,130,0,0,3863,8952,normal
2025-04-16T22:20:17.613300,192.168.68.104,192.168.68.93,3332,21,SA,113,0,0,1255,9497,normal
2025-04-16T22:20:18.969494,192.168.68.90,192.168.68.104,5000,10426,P,161,0,0,3931,3973,normal
2025-04-16T22:20:20.316781,192.168.68.104,192.168.68.104,5000,13352,R,525,1,0,2259,7554,anomalous
2025-04-16T22:20:22.101506,192.168.68.104,192.168.68.250,51485,5000,F,122,0,0,4169,8918,normal
2025-04-16T22:20:22.737223,192.168.68.179,192.168.68.104,31392,22,R,39,0,0,9378,6146,normal
2025-04-16T22:20:23.540843,192.168.68.122,192.168.68.122,36034,3306,S,516,1,48,6922,5449,anomalous
2025-04-16T22:20:25.125265,192.168.68.211,192.168.68.211,17035,25,S,857,1,0,1588,7785,anomalous
2025-04-16T22:20:25.735691,192.168.68.104,192.168.68.104,3306,63339,F,572,1,59,3381,6734,anomalous
2025-04-16T22:20:26.816592,192.168.68.104,192.168.68.84,61329,5000,A,149,0,0,8682,1133,normal
2025-04-16T22:20:27.981922,192.168.68.85,192.168.68.85,5000,43758,S,607,1,46,9234,6380,anomalous
2025-04-16T22:20:29.346085,192.168.68.104,192.168.68.104,18753,25,R,776,1,0,3902,8784,anomalous
2025-04-16T22:20:30.568766,192.168.68.89,192.168.68.104,43366,21,S,172,0,0,777,7870,normal
2025-04-16T22:20:32.089840,192.168.68.104,192.168.68.104,37985,8080,R,509,1,0,8486,426,anomalous
2025-04-16T22:20:33.132675,192.168.68.104,192.168.68.104,29338,5000,R,729,1,0,6909,832,anomalous
2025-04-16T22:20:34.835295,192.168.68.104,192.168.68.171,51347,21,FA,162,0,0,435,9891,normal
2025-04-16T22:20:35.367010,192.168.68.104,192.168.68.40,3306,53389,F,100,0,0,8587,3222,normal
2025-04-16T22:20:36.118234,192.168.68.227,192.168.68.104,55195,23,PA,82,0,0,2881,8643,normal
2025-04-16T22:20:37.528775,192.168.68.104,192.168.68.171,63747,5000,S,98,0,0,3954,9007,normal
2025-04-16T22:20:39.282266,192.168.68.107,192.168.68.107,5000,63538,S,799,1,0,505,3792,anomalous
2025-04-16T22:20:40.852411,192.168.68.231,192.168.68.231,10635,8080,S,620,1,0,8583,1995,anomalous
2025-04-16T22:20:42.139589,192.168.68.104,192.168.68.104,5000,50754,R,666,1,0,4245,8027,anomalous
2025-04-16T22:20:44.035509,192.168.68.104,192.168.68.10,9896,22,FA,106,0,0,8664,7293,normal
2025-04-16T22:20:44.923207,192.168.68.104,192.168.68.104,5000,14967,S,544,1,0,6209,1050,anomalous
2025-04-16T22:20:46.794176,192.168.68.104,192.168.68.166,53564,443,A,148,0,0,4733,4660,normal
2025-04-16T22:20:48.563406,192.168.68.157,192.168.68.157,34595,22,S,821,1,35,3874,2503,anomalous
2025-04-16T22:20:50.163702,192.168.68.184,192.168.68.104,55787,5000,S,116,0,0,1866,4426,normal
2025-04-16T22:20:51.490799,192.168.68.104,192.168.68.142,5112,443,F,149,0,0,5039,922,normal
2025-04-16T22:20:52.653012,192.168.68.104,192.168.68.104,26948,3306,F,630,1,0,1359,8524,anomalous
2025-04-16T22:20:54.086857,192.168.68.116,192.168.68.116,5000,22153,S,848,1,0,8562,6588,anomalous
2025-04-16T22:20:57.779719,192.168.68.104,192.168.68.89,50252,21,PA,195,0,0,4870,8580,normal
2025-04-16T22:20:58.740281,192.168.68.104,192.168.68.53,42236,80,P,35,0,0,579,2892,normal
2025-04-16T22:21:02.242410,192.168.68.104,192.168.68.210,23998,80,P,144,0,0,3010,5701,normal
2025-04-16T22:21:03.210689,192.168.68.104,192.168.68.104,6818,8080,S,601,1,0,9947,1219,anomalous
2025-04-16T22:21:04.005264,192.168.68.66,192.168.68.104,51499,21,PA,73,0,0,9403,5946,normal
2025-04-16T22:21:04.803930,192.168.68.104,192.168.68.207,13444,22,P,120,0,0,5649,6835,normal
2025-04-16T22:21:06.260799,192.168.68.104,192.168.68.98,47455,23,S,80,0,0,9433,3707,normal
2025-04-16T22:21:07.601730,192.168.68.142,192.168.68.142,5575,3306,S,855,1,36,5539,1949,anomalous
2025-04-16T22:21:09.140081,192.168.68.104,192.168.68.28,5000,60833,SA,182,0,0,7137,4131,normal
2025-04-16T22:21:10.541565,192.168.68.104,192.168.68.157,5000,23061,PA,113,0,0,9481,6479,normal
2025-04-16T22:21:11.336188,192.168.68.104,192.168.68.166,26623,21,F,137,0,0,207,4837,normal
2025-04-16T22:21:12.998984,192.168.68.34,192.168.68.34,44322,3306,S,759,1,0,9770,9633,anomalous
2025-04-16T22:21:14.919836,192.168.68.104,192.168.68.239,63124,443,A,52,0,0,8957,1618,normal
2025-04-16T22:21:16.538257,192.168.68.104,192.168.68.104,20488,5000,R,531,1,0,2824,3567,anomalous
2025-04-16T22:21:17.816918,192.168.68.37,192.168.68.37,3306,34717,S,774,1,0,1536,8170,anomalous
2025-04-16T22:21:19.457595,192.168.68.104,192.168.68.104,47759,443,R,707,1,40,8966,8159,anomalous
2025-04-16T22:21:20.164949,192.168.68.222,192.168.68.222,38460,53,S,543,1,0,7431,6638,anomalous
2025-04-16T22:21:24.171813,192.168.68.161,192.168.68.104,3306,12348,FA,25,0,0,8355,2241,normal
2025-04-16T22:21:25.650495,192.168.68.104,192.168.68.194,3306,20367,F,140,0,0,5778,2719,normal
2025-04-16T22:21:26.892265,192.168.68.104,192.168.68.104,53994,443,S,653,1,0,2249,4246,anomalous
2025-04-16T22:21:27.903428,192.168.68.104,192.168.68.104,21456,80,R,757,1,0,6734,8087,anomalous
2025-04-16T22:21:29.061429,192.168.68.104,192.168.68.210,36109,3306,A,35,0,0,4577,8515,normal
2025-04-16T22:21:30.627610,192.168.68.104,192.168.68.155,5000,3476,PA,41,0,0,9494,2923,normal
2025-04-16T22:21:31.324912,192.168.68.104,192.168.68.221,5000,34670,P,83,0,0,9497,8306,normal
2025-04-16T22:21:32.963834,192.168.68.104,192.168.68.128,45847,8080,R,138,0,0,1015,586,normal
2025-04-16T22:21:34.316861,192.168.68.104,192.168.68.15,5285,80,A,199,0,0,2164,3468,normal
2025-04-16T22:21:35.496850,192.168.68.104,192.168.68.104,64763,5000,F,872,1,0,410,9190,anomalous
2025-04-16T22:21:36.270783,192.168.68.104,192.168.68.49,35212,3306,S,78,0,0,3121,4092,normal
2025-04-16T22:21:37.640052,192.168.68.104,192.168.68.104,36062,21,F,835,1,0,8293,3522,anomalous
2025-04-16T22:21:38.558291,192.168.68.184,192.168.68.184,23388,53,R,861,1,0,8557,8001,anomalous
2025-04-16T22:21:39.448155,192.168.68.198,192.168.68.198,3306,27582,S,819,1,0,9247,2473,anomalous
2025-04-16T22:21:40.279676,192.168.68.212,192.168.68.104,19473,21,F,75,0,0,8740,7420,normal
2025-04-16T22:21:41.188545,192.168.68.104,192.168.68.58,3306,16189,F,178,0,0,6248,7705,normal
2025-04-16T22:21:42.511380,192.168.68.253,192.168.68.104,45261,5000,SA,184,0,0,2806,4584,normal
2025-04-16T22:21:43.701274,192.168.68.104,192.168.68.104,8621,25,R,890,1,0,5068,2453,anomalous
2025-04-16T22:21:45.257517,192.168.68.104,192.168.68.107,56836,21,S,168,0,0,9715,6842,normal
2025-04-16T22:21:46.767608,192.168.68.104,192.168.68.44,48269,8080,SA,35,0,0,9441,9220,normal
2025-04-16T22:21:47.661196,192.168.68.252,192.168.68.104,32714,8080,PA,199,0,0,8716,8260,normal
2025-04-16T22:21:48.458212,192.168.68.104,192.168.68.48,61551,3306,SA,170,0,0,7586,7443,normal
2025-04-16T22:21:49.387039,192.168.68.104,192.168.68.104,42560,3306,S,656,1,2,6213,7302,anomalous
2025-04-16T22:21:50.051241,192.168.68.104,192.168.68.106,5000,41215,S,153,0,0,590,2284,normal
2025-04-16T22:21:50.916035,192.168.68.104,192.168.68.104,3306,39332,S,696,1,0,4641,5160,anomalous
2025-04-16T22:21:52.793649,192.168.68.104,192.168.68.237,24837,25,A,165,0,0,4428,4262,normal
2025-04-16T22:21:53.691133,192.168.68.104,192.168.68.104,3306,63024,F,758,1,0,4708,3500,anomalous
2025-04-16T22:21:55.242712,192.168.68.104,192.168.68.104,54907,23,F,740,1,77,2109,26,anomalous
2025-04-16T22:21:56.251944,192.168.68.104,192.168.68.33,21046,80,FA,23,0,0,2371,6180,normal
2025-04-16T22:21:57.232252,192.168.68.104,192.168.68.160,21547,22,FA,33,0,0,6406,3735,normal
2025-04-16T22:21:59.048539,192.168.68.104,192.168.68.104,3306,3130,F,609,1,0,7870,7088,anomalous
2025-04-16T22:22:00.533252,192.168.68.104,192.168.68.104,3306,31090,S,604,1,8,211,5826,anomalous
2025-04-16T22:22:02.126725,192.168.68.104,192.168.68.104,3306,46251,S,882,1,0,6189,5452,anomalous
2025-04-16T22:22:03.744290,192.168.68.104,192.168.68.104,41539,443,R,678,1,100,3826,5903,anomalous
2025-04-16T22:22:05.421538,192.168.68.104,192.168.68.104,35235,8080,S,888,1,17,1502,3704,anomalous
2025-04-16T22:22:06.861697,192.168.68.104,192.168.68.136,27022,3306,FA,44,0,0,5241,7086,normal
2025-04-16T22:22:07.732527,192.168.68.146,192.168.68.146,3306,2205,F,603,1,0,2600,5391,anomalous
2025-04-16T22:22:09.481502,192.168.68.104,192.168.68.3,3306,16042,P,133,0,0,8395,2017,normal
2025-04-16T22:22:11.194695,192.168.68.160,192.168.68.160,56443,3306,R,546,1,0,1471,5311,anomalous
2025-04-16T22:22:13.079854,192.168.68.104,192.168.68.104,40901,22,F,690,1,0,9017,8894,anomalous
2025-04-16T22:22:14.541003,192.168.68.104,192.168.68.225,3306,22404,R,26,0,0,2413,2246,normal
2025-04-16T22:22:16.529866,192.168.68.104,192.168.68.90,3306,8769,R,87,0,0,2770,5588,normal
2025-04-16T22:22:17.444028,192.168.68.223,192.168.68.104,5000,10414,R,135,0,0,9284,7741,normal
2025-04-16T22:22:18.366397,192.168.68.104,192.168.68.104,26075,3306,F,695,1,0,4036,5850,anomalous
2025-04-16T22:22:19.757651,192.168.68.104,192.168.68.104,5000,56414,F,728,1,0,2533,928,anomalous
2025-04-16T22:22:20.898277,192.168.68.104,192.168.68.208,25793,53,A,51,0,0,2541,2151,normal
2025-04-16T22:22:22.494245,192.168.68.104,192.168.68.79,37799,443,FA,40,0,0,5893,5424,normal
2025-04-16T22:22:24.386022,192.168.68.104,192.168.68.104,5000,4489,S,762,1,0,8572,1742,anomalous
2025-04-16T22:22:25.344328,192.168.68.104,192.168.68.188,5000,17496,S,185,0,0,4328,4269,normal
2025-04-16T22:22:27.103295,192.168.68.104,192.168.68.196,22439,23,P,78,0,0,5343,6896,normal
2025-04-16T22:22:28.082990,192.168.68.104,192.168.68.17,28814,5000,PA,199,0,0,48,1541,normal
2025-04-16T22:22:29.227245,192.168.68.104,192.168.68.179,2779,53,S,166,0,0,1935,8205,normal
2025-04-16T22:22:32.942643,192.168.68.154,192.168.68.104,3306,20569,R,145,0,0,400,8541,normal
2025-04-16T22:22:34.789509,192.168.68.104,192.168.68.100,3306,48709,PA,195,0,0,5059,1288,normal
2025-04-16T22:22:36.047975,192.168.68.104,192.168.68.56,48205,5000,PA,136,0,0,7468,6324,normal
2025-04-16T22:22:37.662916,192.168.68.104,192.168.68.147,6206,20,PA,92,0,0,437,6583,normal
2025-04-16T22:22:39.545345,192.168.68.104,192.168.68.130,20088,3306,S,108,0,0,4436,8809,normal
2025-04-16T22:22:40.837414,192.168.68.104,192.168.68.136,5000,29069,S,26,0,0,2209,8991,normal
2025-04-16T22:22:41.821361,192.168.68.104,192.168.68.189,45020,443,SA,90,0,0,9380,7806,normal
2025-04-16T22:22:42.501902,192.168.68.104,192.168.68.104,8705,20,R,750,1,0,13,9549,anomalous
2025-04-16T22:22:43.483783,192.168.68.104,192.168.68.104,5000,2719,S,817,1,0,8389,1291,anomalous
2025-04-16T22:22:44.193924,192.168.68.230,192.168.68.230,37707,5000,R,624,1,97,4592,2101,anomalous
2025-04-16T22:22:45.733769,192.168.68.104,192.168.68.104,42607,21,R,899,1,0,2096,2018,anomalous
2025-04-16T22:22:47.287595,192.168.68.104,192.168.68.104,48164,8080,S,657,1,0,8381,9804,anomalous
2025-04-16T22:22:47.828377,192.168.68.134,192.168.68.104,31976,20,A,52,0,0,7398,0,normal
2025-04-16T22:22:48.436119,192.168.68.104,192.168.68.45,3306,15697,SA,103,0,0,5202,8008,normal
2025-04-16T22:22:49.747587,192.168.68.104,192.168.68.9,33501,5000,F,169,0,0,780,2318,normal
2025-04-16T22:22:51.638198,192.168.68.104,192.168.68.120,64805,3306,FA,172,0,0,1267,1142,normal
2025-04-16T22:22:52.814988,192.168.68.104,192.168.68.227,43256,5000,A,161,0,0,6134,7234,normal
2025-04-16T22:22:54.024164,192.168.68.104,192.168.68.107,5000,21043,F,132,0,0,4367,5423,normal
2025-04-16T22:22:54.924817,192.168.68.2,192.168.68.2,1064,5000,S,881,1,0,4083,2042,anomalous
2025-04-16T22:22:56.420195,192.168.68.104,192.168.68.212,64416,8080,R,95,0,0,9951,7799,normal
2025-04-16T22:22:58.333306,192.168.68.104,192.168.68.104,9138,53,F,876,1,0,9668,7924,anomalous
2025-04-16T22:22:59.161051,192.168.68.104,192.168.68.226,52441,3306,PA,27,0,0,506,5886,normal
2025-04-16T22:23:00.598715,192.168.68.139,192.168.68.104,51853,8080,S,145,0,0,4126,9895,normal
2025-04-16T22:23:01.748483,192.168.68.201,192.168.68.104,13980,5000,PA,32,0,0,2604,262,normal
2025-04-16T22:23:03.593893,192.168.68.104,192.168.68.169,53851,22,A,46,0,0,5200,589,normal
2025-04-16T22:23:05.059749,192.168.68.104,192.168.68.104,21306,443,F,683,1,0,2520,2187,anomalous
2025-04-16T22:23:06.235692,192.168.68.104,192.168.68.158,44045,80,PA,196,0,0,8852,1558,normal
2025-04-16T22:23:07.789775,192.168.68.104,192.168.68.190,5000,38065,SA,62,0,0,4651,4882,normal
2025-04-16T22:23:11.187897,192.168.68.104,192.168.68.104,36287,80,F,684,1,0,1791,1753,anomalous
2025-04-16T22:23:12.955805,192.168.68.85,192.168.68.85,6649,3306,F,888,1,0,4349,1312,anomalous
2025-04-16T22:23:13.942968,192.168.68.104,192.168.68.104,52412,20,F,526,1,0,538,1702,anomalous
2025-04-16T22:23:14.485067,192.168.68.104,192.168.68.83,63883,8080,A,109,0,0,2873,2756,normal
2025-04-16T22:23:15.453101,192.168.68.104,192.168.68.28,58210,22,F,138,0,0,4574,320,normal
2025-04-16T22:23:16.773302,192.168.68.55,192.168.68.104,3306,54381,PA,66,0,0,6854,4856,normal
2025-04-16T22:23:17.903554,192.168.68.24,192.168.68.104,5000,29639,P,199,0,0,455,8815,normal
2025-04-16T22:23:19.071889,192.168.68.134,192.168.68.134,16404,3306,R,757,1,23,1542,1172,anomalous
2025-04-16T22:23:19.742230,192.168.68.104,192.168.68.104,59160,443,F,804,1,0,3053,7826,anomalous
2025-04-16T22:23:20.275124,192.168.68.104,192.168.68.123,45965,3306,PA,58,0,0,6620,421,normal
2025-04-16T22:23:21.643481,192.168.68.104,192.168.68.104,49977,5000,F,524,1,0,1469,7830,anomalous
2025-04-16T22:23:22.522807,192.168.68.49,192.168.68.49,5000,50962,F,611,1,0,1958,6421,anomalous
2025-04-16T22:23:23.967177,192.168.68.209,192.168.68.104,32612,53,R,55,0,0,4694,2795,normal
2025-04-16T22:23:25.948841,192.168.68.102,192.168.68.104,57376,3306,SA,124,0,0,3617,4238,normal
2025-04-16T22:23:27.467571,192.168.68.104,192.168.68.1,27548,80,FA,55,0,0,9433,7615,normal
2025-04-16T22:23:28.130100,192.168.68.104,192.168.68.104,40561,21,S,869,1,65,698,6313,anomalous
2025-04-16T22:23:28.992123,192.168.68.104,192.168.68.215,33890,443,SA,105,0,0,3572,4732,normal
2025-04-16T22:23:30.248988,192.168.68.36,192.168.68.104,44978,23,R,114,0,0,6731,1134,normal
2025-04-16T22:23:31.906098,192.168.68.104,192.168.68.104,44869,3306,S,827,1,0,9579,1579,anomalous
2025-04-16T22:23:33.772399,192.168.68.104,192.168.68.55,45115,3306,P,147,0,0,9236,9893,normal
2025-04-16T22:23:35.554989,192.168.68.104,192.168.68.104,51506,53,R,637,1,0,4118,2510,anomalous
2025-04-16T22:23:36.960671,192.168.68.107,192.168.68.104,60423,8080,SA,35,0,0,3313,2777,normal
2025-04-16T22:23:37.911450,192.168.68.68,192.168.68.104,7825,5000,A,158,0,0,9408,6306,normal
2025-04-16T22:23:39.448536,192.168.68.104,192.168.68.104,5000,29785,F,666,1,49,7122,4461,anomalous
2025-04-16T22:23:40.146755,192.168.68.104,192.168.68.104,46633,3306,S,699,1,0,9869,1901,anomalous
2025-04-16T22:23:41.860496,192.168.68.104,192.168.68.104,3306,14265,R,526,1,0,5305,4288,anomalous
2025-04-16T22:23:43.387027,192.168.68.104,192.168.68.126,1480,3306,F,24,0,0,5186,1682,normal
2025-04-16T22:23:44.005312,192.168.68.104,192.168.68.207,5000,59675,P,83,0,0,734,7649,normal
2025-04-16T22:23:45.958167,192.168.68.195,192.168.68.195,26692,5000,F,525,1,0,8724,2572,anomalous
2025-04-16T22:23:47.471319,192.168.68.173,192.168.68.173,21696,20,R,565,1,0,5131,8800,anomalous
2025-04-16T22:23:49.186433,192.168.68.104,192.168.68.104,62598,3306,R,895,1,0,1415,6136,anomalous
2025-04-16T22:23:50.933624,192.168.68.104,192.168.68.14,44086,443,F,100,0,0,8702,1692,normal
2025-04-16T22:23:52.185958,192.168.68.104,192.168.68.241,41015,25,A,185,0,0,6874,2310,normal
2025-04-16T22:23:54.154848,192.168.68.104,192.168.68.104,3306,29874,F,774,1,0,5090,4844,anomalous
2025-04-16T22:23:54.748042,192.168.68.104,192.168.68.35,5000,32498,P,164,0,0,3037,3502,normal
2025-04-16T22:23:57.286177,192.168.68.104,192.168.68.108,60984,22,A,98,0,0,3569,5576,normal
2025-04-16T22:23:58.355104,192.168.68.49,192.168.68.104,1903,53,FA,159,0,0,1037,3576,normal
2025-04-16T22:24:00.063638,192.168.68.104,192.168.68.104,37810,3306,S,569,1,91,4182,702,anomalous
2025-04-16T22:24:00.582630,192.168.68.104,192.168.68.179,3306,1296,S,23,0,0,5867,2182,normal
2025-04-16T22:24:03.356887,192.168.68.142,192.168.68.142,40501,8080,R,674,1,0,5853,46,anomalous
2025-04-16T22:24:04.436154,192.168.68.104,192.168.68.68,32312,23,F,176,0,0,5181,1855,normal
2025-04-16T22:26:29.561028,192.168.68.104,192.168.68.203,49341,8080,P,191,0,0,4113,7313,normal
2025-04-16T22:26:31.473825,192.168.68.104,192.168.68.104,65014,25,R,655,1,0,7414,9828,anomalous
2025-04-16T22:26:32.606622,192.168.68.104,192.168.68.175,5000,17437,SA,94,0,0,6169,819,normal
2025-04-16T22:26:33.923534,192.168.68.104,192.168.68.104,5000,6831,F,776,1,97,6416,4877,anomalous
2025-04-16T22:26:34.858901,192.168.68.183,192.168.68.183,36757,53,S,505,1,0,8741,1983,anomalous
2025-04-16T22:26:35.570899,192.168.68.104,192.168.68.104,3306,8652,S,596,1,72,4999,3244,anomalous
2025-04-16T22:26:37.186790,192.168.68.104,192.168.68.240,22788,8080,FA,174,0,0,8434,5368,normal
2025-04-16T22:26:38.138592,192.168.68.104,192.168.68.168,26756,5000,FA,180,0,0,4628,1706,normal
2025-04-16T22:26:39.356962,192.168.68.104,192.168.68.104,5000,18211,F,703,1,0,7491,7300,anomalous
2025-04-16T22:26:40.109433,192.168.68.104,192.168.68.147,33075,20,P,179,0,0,3408,6931,normal
2025-04-16T22:26:40.993055,192.168.68.104,192.168.68.104,3306,63975,R,547,1,0,6066,2575,anomalous
2025-04-16T22:26:41.875642,192.168.68.104,192.168.68.144,56412,80,A,87,0,0,1931,5848,normal
2025-04-16T22:26:43.017906,192.168.68.34,192.168.68.34,26440,20,S,819,1,0,8402,7389,anomalous
2025-04-16T22:26:43.741106,192.168.68.104,192.168.68.142,5000,8095,A,34,0,0,2365,4423,normal
2025-04-16T22:26:45.471249,192.168.68.104,192.168.68.104,8936,20,R,600,1,0,1024,1824,anomalous
2025-04-16T22:26:46.735093,192.168.68.226,192.168.68.226,3306,27966,R,758,1,0,8540,3312,anomalous
2025-04-16T22:26:47.709690,192.168.68.120,192.168.68.120,12640,5000,S,770,1,0,1508,8650,anomalous
2025-04-16T22:26:48.464703,192.168.68.104,192.168.68.40,16861,3306,FA,43,0,0,2415,177,normal
2025-04-16T22:26:50.386806,192.168.68.33,192.168.68.104,18216,8080,A,182,0,0,3224,193,normal
2025-04-16T22:26:50.951174,192.168.68.16,192.168.68.104,38898,22,P,151,0,0,686,4841,normal
2025-04-16T22:26:52.867940,192.168.68.104,192.168.68.104,27037,3306,F,847,1,60,7879,6313,anomalous
2025-04-16T22:26:53.691866,192.168.68.104,192.168.68.244,37218,3306,F,103,0,0,7235,9046,normal
2025-04-16T22:26:54.784965,192.168.68.104,192.168.68.104,38052,443,R,822,1,0,3676,2810,anomalous
2025-04-16T22:26:56.543348,192.168.68.104,192.168.68.215,11424,5000,PA,60,0,0,1970,5903,normal
2025-04-16T22:26:57.430721,192.168.68.104,192.168.68.104,6572,3306,S,763,1,63,4828,523,anomalous
2025-04-16T22:26:58.585728,192.168.68.104,192.168.68.67,29947,21,F,130,0,0,2948,2078,normal
2025-04-16T22:27:01.768012,192.168.68.104,192.168.68.104,5000,30860,R,679,1,0,65,3619,anomalous
2025-04-16T22:27:03.693380,192.168.68.35,192.168.68.104,28337,5000,S,198,0,0,9625,4174,normal
2025-04-16T22:27:04.604576,192.168.68.104,192.168.68.104,5000,9901,F,578,1,0,1352,5458,anomalous
2025-04-16T22:27:06.417702,192.168.68.104,192.168.68.104,6528,22,R,691,1,0,1138,6055,anomalous
2025-04-16T22:27:07.489124,192.168.68.104,192.168.68.104,49300,3306,S,711,1,0,5052,5833,anomalous
2025-04-16T22:28:09.200566,192.168.68.107,192.168.68.104,51801,5000,F,142,0,0,6294,2664,normal
2025-04-16T22:28:09.714319,192.168.68.104,192.168.68.113,5000,8227,SA,138,0,0,5631,4271,normal
2025-04-16T22:28:10.493514,192.168.68.104,192.168.68.114,41781,21,F,63,0,0,278,2446,normal
2025-04-16T22:28:13.308092,192.168.68.66,192.168.68.104,42357,20,A,68,0,0,4568,8597,normal
2025-04-16T22:28:14.757812,192.168.68.104,192.168.68.186,19617,5000,SA,143,0,0,5575,8520,normal
2025-04-16T22:28:15.457271,192.168.68.125,192.168.68.104,23061,3306,R,100,0,0,8333,1363,normal
2025-04-16T22:28:17.240841,192.168.68.8,192.168.68.104,3306,25263,SA,185,0,0,7115,3330,normal
2025-04-16T22:28:18.304991,192.168.68.59,192.168.68.59,26403,5000,F,865,1,30,467,9865,anomalous
2025-04-16T22:28:20.298071,192.168.68.104,192.168.68.106,54081,23,A,108,0,0,839,9294,normal
2025-04-16T22:28:21.959993,192.168.68.104,192.168.68.127,10678,21,FA,164,0,0,2737,2886,normal
2025-04-16T22:28:23.415350,192.168.68.104,192.168.68.104,3306,53296,R,624,1,72,8880,7052,anomalous
2025-04-16T22:28:25.296326,192.168.68.104,192.168.68.104,5570,3306,S,766,1,0,2134,6014,anomalous
2025-04-16T22:28:26.288182,192.168.68.85,192.168.68.85,34009,8080,R,749,1,0,9639,1513,anomalous
2025-04-16T22:28:27.440756,192.168.68.104,192.168.68.104,40033,3306,R,843,1,61,130,4892,anomalous
2025-04-16T22:28:29.158737,192.168.68.104,192.168.68.119,11837,5000,R,72,0,0,5039,6880,normal
2025-04-16T22:28:30.159576,192.168.68.104,192.168.68.117,20385,3306,F,50,0,0,9193,5654,normal
2025-04-16T22:28:33.538642,192.168.68.104,192.168.68.112,5000,11549,A,154,0,0,9598,7609,normal
2025-04-16T22:33:41.434825,192.168.68.147,192.168.68.104,51235,25,S,126,0,0,4669,3089,normal
2025-04-16T22:33:42.926591,192.168.68.104,192.168.68.196,5000,35775,F,156,0,0,9471,398,normal
2025-04-16T22:33:43.670312,192.168.68.104,192.168.68.237,5000,24715,F,95,0,0,8779,5804,normal
2025-04-16T22:33:45.310862,192.168.68.104,192.168.68.104,25054,5000,R,771,1,0,3534,1569,anomalous
2025-04-16T22:33:47.188442,192.168.68.104,192.168.68.104,43932,20,R,830,1,1,4504,1741,anomalous
2025-04-16T22:33:48.022630,192.168.68.104,192.168.68.47,3306,40075,A,142,0,0,7230,1326,normal
2025-04-16T22:33:48.603848,192.168.68.104,192.168.68.104,5000,42311,S,590,1,0,6596,8357,anomalous
2025-04-16T22:33:50.271599,192.168.68.244,192.168.68.244,46043,22,S,836,1,83,8724,8788,anomalous
2025-04-16T22:33:51.619251,192.168.68.104,192.168.68.104,3306,2077,S,688,1,0,3827,8594,anomalous
2025-04-16T22:33:52.613587,192.168.68.104,192.168.68.104,5000,18262,S,542,1,16,8888,9392,anomalous
2025-04-16T22:33:53.486240,192.168.68.104,192.168.68.104,3306,51689,R,610,1,77,2515,3947,anomalous
2025-04-16T22:33:54.156848,192.168.68.221,192.168.68.104,41759,3306,SA,96,0,0,7246,4013,normal
2025-04-16T22:33:55.501081,192.168.68.38,192.168.68.38,37369,21,S,527,1,0,1917,5550,anomalous
2025-04-16T22:33:57.360251,192.168.68.104,192.168.68.103,47992,25,A,125,0,0,5719,2983,normal
2025-04-16T22:33:58.281834,192.168.68.104,192.168.68.104,47058,5000,R,596,1,0,7189,9896,anomalous
2025-04-16T22:33:59.166222,192.168.68.104,192.168.68.104,63982,80,S,633,1,0,6695,8470,anomalous
2025-04-16T22:34:28.180016,192.168.68.104,192.168.68.104,3306,30753,R,681,1,20,7929,1789,anomalous
2025-04-16T22:34:29.771307,192.168.68.230,192.168.68.230,5000,49949,R,756,1,39,315,7147,anomalous
2025-04-16T22:34:31.587658,192.168.68.104,192.168.68.104,51221,25,S,664,1,6,6634,6773,anomalous
2025-04-16T22:34:32.645196,192.168.68.104,192.168.68.41,3306,51617,FA,184,0,0,4361,3473,normal
2025-04-16T22:34:33.385276,192.168.68.104,192.168.68.235,14260,20,SA,56,0,0,2780,6558,normal
2025-04-16T22:34:34.197974,192.168.68.104,192.168.68.84,14794,25,F,108,0,0,1118,9437,normal
2025-04-16T22:34:36.144784,192.168.68.104,192.168.68.169,20825,5000,SA,74,0,0,7705,3516,normal
2025-04-16T22:34:37.315123,192.168.68.104,192.168.68.63,51976,25,SA,147,0,0,5981,317,normal
2025-04-16T22:34:38.035980,192.168.68.104,192.168.68.189,43615,5000,PA,92,0,0,4506,5856,normal
2025-04-16T22:34:39.529984,192.168.68.104,192.168.68.104,51368,5000,S,527,1,0,6627,8355,anomalous
2025-04-16T22:34:41.066982,192.168.68.104,192.168.68.149,10890,3306,S,188,0,0,6816,482,normal
2025-04-16T22:34:41.919215,192.168.68.104,192.168.68.104,38905,20,F,557,1,1,1421,6714,anomalous
2025-04-16T22:34:42.731926,192.168.68.104,192.168.68.217,3306,14863,R,170,0,0,1050,9991,normal
2025-04-16T22:34:43.664654,192.168.68.104,192.168.68.104,27242,21,S,800,1,0,9009,4967,anomalous
2025-04-16T22:34:45.493507,192.168.68.104,192.168.68.138,37568,21,FA,69,0,0,5946,8502,normal
2025-04-16T22:34:46.223932,192.168.68.111,192.168.68.104,37408,5000,S,193,0,0,4054,6332,normal
2025-04-16T22:34:47.086854,192.168.68.104,192.168.68.104,11136,3306,F,822,1,0,9447,3499,anomalous
2025-04-16T22:34:48.347962,192.168.68.82,192.168.68.82,22766,20,S,610,1,47,8316,1723,anomalous
2025-04-16T22:34:49.986107,192.168.68.104,192.168.68.130,49876,8080,F,54,0,0,8819,5086,normal
2025-04-16T22:34:51.686886,192.168.68.104,192.168.68.104,12387,21,F,717,1,7,7361,3648,anomalous
2025-04-16T22:34:52.377069,192.168.68.104,192.168.68.104,26825,5000,F,705,1,28,1132,5554,anomalous
2025-04-16T22:34:54.179566,192.168.68.104,192.168.68.104,30338,22,F,649,1,0,8337,1650,anomalous
2025-04-16T22:34:54.708090,192.168.68.250,192.168.68.104,3306,32445,P,135,0,0,7776,7916,normal
2025-04-16T22:34:55.515634,192.168.68.104,192.168.68.174,5000,44450,SA,103,0,0,3065,2413,normal
2025-04-16T22:38:53.496105,192.168.68.78,192.168.68.78,5000,62078,F,601,1,0,5029,743,anomalous
2025-04-16T22:38:55.355376,192.168.68.104,192.168.68.104,5000,46736,R,618,1,1,7977,6197,anomalous
2025-04-16T22:38:56.514434,192.168.68.104,192.168.68.201,39266,5000,R,62,0,0,5599,987,normal
2025-04-16T22:39:00.029219,192.168.68.57,192.168.68.104,37911,21,S,171,0,0,6430,1289,normal
2025-04-16T22:39:00.804075,192.168.68.211,192.168.68.211,6214,3306,F,837,1,0,3915,3363,anomalous
2025-04-16T22:39:02.125341,192.168.68.104,192.168.68.104,1403,443,R,845,1,0,7857,2473,anomalous
2025-04-16T22:39:02.753485,192.168.68.245,192.168.68.104,50077,22,SA,193,0,0,8823,3014,normal
2025-04-16T22:39:03.755711,192.168.68.104,192.168.68.104,35093,21,S,862,1,0,6036,6007,anomalous
2025-04-16T22:39:04.353369,192.168.68.20,192.168.68.104,54508,443,R,141,0,0,2415,1437,normal
2025-04-16T22:39:05.450964,192.168.68.73,192.168.68.73,3306,3089,S,828,1,0,6124,7798,anomalous
2025-04-16T22:39:06.567374,192.168.68.244,192.168.68.244,55249,23,F,549,1,0,2268,5211,anomalous
2025-04-16T22:39:08.366634,192.168.68.104,192.168.68.44,61765,443,R,129,0,0,8412,9286,normal
2025-04-16T22:39:08.910834,192.168.68.104,192.168.68.175,58042,5000,R,73,0,0,4385,3827,normal
2025-04-16T22:39:10.329557,192.168.68.87,192.168.68.87,28280,5000,R,508,1,1,9066,52,anomalous
2025-04-16T22:39:12.203438,192.168.68.104,192.168.68.114,3306,49834,PA,196,0,0,9399,4718,normal
2025-04-16T22:39:15.881526,192.168.68.104,192.168.68.54,3306,4329,F,59,0,0,6125,5538,normal
2025-04-16T22:39:17.047153,192.168.68.104,192.168.68.104,5000,47321,R,506,1,22,6768,7933,anomalous
2025-04-16T22:39:18.705094,192.168.68.104,192.168.68.44,34796,443,SA,176,0,0,4522,5862,normal
2025-04-16T22:39:20.327797,192.168.68.104,192.168.68.104,3306,36543,R,559,1,0,4954,1938,anomalous
2025-04-16T22:39:20.874534,192.168.68.14,192.168.68.104,3306,65192,S,42,0,0,8919,5161,normal
2025-04-16T22:39:21.510457,192.168.68.134,192.168.68.104,62968,3306,S,155,0,0,9596,5493,normal
2025-04-16T22:39:22.651329,192.168.68.162,192.168.68.162,22737,25,S,666,1,0,9173,4594,anomalous
2025-04-16T22:39:23.442634,192.168.68.104,192.168.68.220,55111,5000,S,37,0,0,6531,1114,normal
2025-04-16T22:39:24.626117,192.168.68.104,192.168.68.104,17261,3306,F,645,1,28,6975,3085,anomalous
2025-04-16T22:39:25.469433,192.168.68.104,192.168.68.104,33114,23,F,609,1,98,583,5610,anomalous
2025-04-16T22:39:26.330813,192.168.68.104,192.168.68.22,55456,3306,FA,103,0,0,9371,8662,normal
2025-04-16T22:39:27.628420,192.168.68.104,192.168.68.154,36383,21,R,111,0,0,8006,3266,normal
2025-04-16T22:39:28.943699,192.168.68.206,192.168.68.104,14388,21,SA,97,0,0,1150,6391,normal
2025-04-16T22:39:30.846918,192.168.68.188,192.168.68.188,5000,56888,R,883,1,0,2416,7599,anomalous
2025-04-16T22:39:31.613195,192.168.68.104,192.168.68.104,51249,5000,F,674,1,40,305,9625,anomalous
2025-04-16T22:39:32.846128,192.168.68.106,192.168.68.106,52256,5000,R,635,1,0,5878,5989,anomalous
2025-04-16T22:39:34.172032,192.168.68.104,192.168.68.104,42657,25,R,532,1,68,7378,2725,anomalous
2025-04-16T22:39:35.725673,192.168.68.104,192.168.68.104,20610,5000,F,611,1,83,2751,8684,anomalous
2025-04-16T22:39:36.326056,192.168.68.104,192.168.68.104,55874,53,R,719,1,0,8611,1151,anomalous
2025-04-16T22:39:43.976144,192.168.68.104,192.168.68.234,22602,21,F,98,0,0,5331,4845,normal
2025-04-16T22:39:47.838097,192.168.68.104,192.168.68.251,43767,53,S,112,0,0,6625,6980,normal
2025-04-16T22:39:49.403507,192.168.68.104,192.168.68.104,54929,3306,S,535,1,29,1071,6607,anomalous
2025-04-16T22:39:50.687832,192.168.68.104,192.168.68.92,35741,23,SA,166,0,0,9777,9877,normal
2025-04-16T22:39:51.552250,192.168.68.15,192.168.68.15,22024,5000,F,558,1,0,9257,5675,anomalous
2025-04-16T22:39:52.349035,192.168.68.104,192.168.68.104,48259,443,F,777,1,4,3670,4312,anomalous
2025-04-16T22:39:53.562643,192.168.68.104,192.168.68.104,27383,443,F,703,1,0,6720,6263,anomalous
2025-04-16T22:39:55.330685,192.168.68.104,192.168.68.104,25727,3306,R,855,1,0,1946,8883,anomalous
2025-04-16T22:39:57.287411,192.168.68.104,192.168.68.104,5000,3873,F,713,1,0,7602,5493,anomalous
2025-04-16T22:39:58.219314,192.168.68.104,192.168.68.104,11005,21,F,747,1,0,5809,1753,anomalous
2025-04-16T22:39:59.411208,192.168.68.104,192.168.68.104,24766,80,F,760,1,0,2413,7550,anomalous
2025-04-16T22:40:01.079734,192.168.68.104,192.168.68.104,64193,5000,R,833,1,0,4245,3707,anomalous
2025-04-16T22:40:02.648672,192.168.68.186,192.168.68.104,49677,80,A,64,0,0,7460,3011,normal
2025-04-16T22:40:04.182588,192.168.68.104,192.168.68.104,15690,5000,R,616,1,28,97,6430,anomalous
2025-04-16T22:40:20.148643,192.168.68.71,192.168.68.71,3306,28237,R,548,1,0,7228,1632,anomalous
2025-04-16T22:40:23.808105,192.168.68.63,192.168.68.104,5000,35071,P,95,0,0,1717,287,normal
2025-04-16T22:40:24.321761,192.168.68.104,192.168.68.78,3306,43892,A,96,0,0,6086,2425,normal
2025-04-16T22:40:25.523411,192.168.68.104,192.168.68.123,5000,24615,PA,127,0,0,9203,312,normal
2025-04-16T22:40:27.445437,192.168.68.104,192.168.68.232,37627,3306,P,147,0,0,1156,7449,normal
2025-04-16T22:40:28.068053,192.168.68.104,192.168.68.104,5000,45708,R,821,1,14,2672,186,anomalous
2025-04-16T22:40:29.840828,192.168.68.104,192.168.68.97,24370,22,F,56,0,0,6520,1972,normal
2025-04-16T22:40:30.444186,192.168.68.104,192.168.68.118,55149,3306,FA,43,0,0,8231,7361,normal
2025-04-16T22:40:32.221344,192.168.68.48,192.168.68.104,61170,5000,FA,176,0,0,1090,869,normal
2025-04-16T22:40:34.140851,192.168.68.104,192.168.68.104,5000,32389,R,707,1,0,6090,3182,anomalous
2025-04-16T22:40:35.865599,192.168.68.197,192.168.68.104,4584,20,P,65,0,0,5262,2362,normal
2025-04-16T22:40:36.981041,192.168.68.104,192.168.68.104,50699,25,A,69,0,0,3594,4291,normal
2025-04-16T22:40:38.546166,192.168.68.104,192.168.68.167,60591,21,A,169,0,0,3079,4517,normal
2025-04-16T22:40:40.315961,192.168.68.140,192.168.68.104,13093,25,P,159,0,0,2067,3241,normal
2025-04-16T22:40:41.324011,192.168.68.104,192.168.68.207,19602,25,SA,155,0,0,7316,2687,normal
